Alta Floresta D'Oeste;26,9541779;
Ariquemes;44,699474;
Cacoal;23,90714465;
Cerejeiras;49,63874028;
Colorado do Oeste;10,10407194;
Costa Marques;41,20030214;
Espigão D'Oeste;6,538511835;
Guajará-Mirim;24,80214651;
Jaru;18,06064765;
Ji-Paraná;3,221805177;
Machadinho D'Oeste;51,2835983;
Nova Brasilândia D'Oeste;14,17769376;
Ouro Preto do Oeste;37,14526274;
Pimenta Bueno;22,2160511;
Porto Velho;44,49305317;
Presidente Médici;4,208222868;
Rio Crespo;141,6029453;
Rolim de Moura;16,68984701;
Vilhena;32,04654144;
São Miguel do Guaporé;21,51462995;
Nova Mamoré;62,48698188;
Alvorada D'Oeste;11,14640807;
Alto Alegre dos Parecis;43,97215097;
Alto Paraíso;71,25630344;
Buritis;78,31080689;
Novo Horizonte do Oeste;9,172628875;
Cacaulândia;16,37465204;
Campo Novo de Rondônia;118,6591516;
Candeias do Jamari;18,99425424;
Castanheiras;26,27430373;
Chupinguaia;11,3147771;
Cujubim;41,46919431;
Ministro Andreazza;18,14552713;
Mirante da Serra;23,72291634;
Monte Negro;53,3226688;
Parecis;19,52743605;
Primavera de Rondônia;26,65245203;
São Felipe D'Oeste;31,21585766;
São Francisco do Guaporé;29,28772259;
Seringueiras;16,15378402;
Theobroma;17,63979538;
Urupá;21,71867082;
Vale do Anari;50,04504054;
Acrelândia;39,83111607;
Brasiléia;28,00597461;
Capixaba;22,70405267;
Cruzeiro do Sul;21,6279484;
Epitaciolândia;13,22926313;
Feijó;21,57098395;
Mâncio Lima;6,568575933;
Marechal Thaumaturgo;7,02049986;
Plácido de Castro;17,41149158;
Rio Branco;29,42531469;
Rodrigues Alves;20,82465639;
Senador Guiomard;19,79903975;
Sena Madureira;23,63755745;
Tarauacá;5,612774675;
Xapuri;6,207324643;
Porto Acre;20,13693113;
Alvarães;6,861534239;
Anori;5,924170616;
Apuí;21,47305132;
Atalaia do Norte;12,75835672;
Autazes;9,024456277;
Barcelos;11,27607593;
Benjamin Constant;8,679550978;
Beruri;12,48439451;
Boa Vista do Ramos;12,90655653;
Boca do Acre;18,93401496;
Borba;11,0598059;
Canutama;15,1779616;
Carauari;7,501031392;
Careiro;14,76537814;
Careiro da Várzea;4,039587962;
Coari;21,63262709;
Codajás;20,8281263;
Eirunepé;18,91372191;
Fonte Boa;25,41942044;
Humaitá;10,92824514;
Iranduba;30,81444961;
Itacoatiara;13,35782267;
Itapiranga;11,77301625;
Juruá;17,89709172;
Lábrea;17,94825774;
Manacapuru;27,24857513;
Manaquiri;8,47888757;
Manaus;45,43567285;
Manicoré;12,33577993;
Maués;27,7582442;
Nova Olinda do Norte;6,298220753;
Novo Airão;19,69667126;
Novo Aripuanã;4,506331396;
Parintins;9,473913579;
Pauini;10,64226042;
Presidente Figueiredo;24,90039841;
Rio Preto da Eva;18,79275351;
Santa Isabel do Rio Negro;5,327082889;
Santo Antônio do Içá;3,948667325;
São Gabriel da Cachoeira;7,652475576;
São Paulo de Olivença;3,076355134;
São Sebastião do Uatumã;18,06032147;
Silves;11,44819691;
Tabatinga;27,73925104;
Tapauá;5,0671396;
Tefé;14,15695342;
Uarini;40,64710186;
Urucará;22,6193169;
Amajari;31,45313483;
Alto Alegre;23,78121284;
Boa Vista;28,20292347;
Bonfim;17,87150389;
Cantá;21,10149821;
Caracaraí;26,57454159;
Caroebe;24,1021933;
Iracema;22,48959856;
Mucajaí;33,05348053;
Pacaraima;9,372949667;
Rorainópolis;32,22038745;
São João da Baliza;14,44669171;
São Luiz;28,97291033;
Uiramutã;11,67542323;
Abaetetuba;30,24633175;
Abel Figueiredo;29,27829015;
Acará;5,558231741;
Afuá;14,16149772;
Água Azul do Norte;23,76614117;
Alenquer;3,771876886;
Almeirim;8,85791898;
Altamira;64,1128386;
Anajás;4,008658703;
Ananindeua;102,1981003;
Anapu;57,9766161;
Augusto Corrêa;12,25400093;
Aurora do Pará;14,95494822;
Aveiro;12,52426576;
Bagre;4,159041757;
Baião;37,67390544;
Bannach;28,92681516;
Barcarena;46,71318107;
Belém;63,74966255;
Benevides;59,56841721;
Bom Jesus do Tocantins;19,462826;
Bragança;28,04975325;
Brasil Novo;12,65102157;
Brejo Grande do Araguaia;67,82419967;
Breu Branco;49,15863112;
Breves;10,68809987;
Bujaru;11,5879331;
Cachoeira do Piriá;14,99025633;
Cametá;7,388555948;
Canaã dos Carajás;29,71989004;
Capanema;21,83406114;
Capitão Poço;53,55264416;
Castanhal;60,18675089;
Chaves;4,725004725;
Colares;8,720676725;
Conceição do Araguaia;30,50042483;
Concórdia do Pará;28,14027929;
Cumaru do Norte;9,483167378;
Curionópolis;54,27113861;
Curralinho;13,90578828;
Curuçá;8,682314126;
Dom Eliseu;36,74550835;
Eldorado dos Carajás;46,83694498;
Floresta do Araguaia;50,27371243;
Garrafão do Norte;27,75244816;
Goianésia do Pará;58,69692819;
Gurupá;10,24520183;
Igarapé-Açu;13,82819846;
Igarapé-Miri;35,88762048;
Inhangapi;29,6647879;
Ipixuna do Pará;21,27783044;
Irituia;12,65782728;
Itaituba;36,64868167;
Itupiranga;42,62987579;
Jacareacanga;21,11189303;
Jacundá;50,24348767;
Juruti;6,323510813;
Limoeiro do Ajuru;7,933359778;
Mãe do Rio;46,23866264;
Magalhães Barata;24,46183953;
Marabá;101,938964;
Maracanã;6,995452956;
Marapanim;14,92203238;
Marituba;115,528497;
Medicilândia;10,89522426;
Mocajuba;33,41625515;
Moju;41,10734688;
Monte Alegre;3,579034019;
Muaná;8,705240555;
Nova Esperança do Piriá;14,77104874;
Nova Ipixuna;40,66142586;
Nova Timboteua;7,260582299;
Novo Progresso;102,7099629;
Novo Repartimento;49,58492618;
Óbidos;8,047318231;
Oeiras do Pará;10,4126896;
Oriximiná;4,741658632;
Ourém;30,42472922;
Ourilândia do Norte;83,43611696;
Pacajá;71,99424046;
Palestina do Pará;13,27844908;
Paragominas;103,4923598;
Parauapebas;50,29954021;
Pau D'Arco;16,45007403;
Peixe-Boi;37,91229622;
Piçarra;31,26709919;
Placas;4,1467966;
Portel;22,82844424;
Porto de Moz;14,61432789;
Prainha;10,14507457;
Primavera;38,66228494;
Redenção;65,67971942;
Rio Maria;22,43284168;
Rondon do Pará;86,64595617;
Rurópolis;4,951720723;
Salinópolis;34,47910036;
Salvaterra;14,75216365;
Santa Bárbara do Pará;28,95026345;
Santa Isabel do Pará;40,05674706;
Santa Luzia do Pará;10,21920188;
Santa Maria das Barreiras;5,768343332;
Santa Maria do Pará;56,03448276;
Santana do Araguaia;44,18756739;
Santarém;3,369204127;
Santo Antônio do Tauá;26,04554249;
São Caetano de Odivelas;29,37892943;
São Domingos do Araguaia;107,2731174;
São Domingos do Capim;26,6028199;
São Félix do Xingu;29,33825926;
São Francisco do Pará;6,590220113;
São Geraldo do Araguaia;58,18463926;
São João da Ponta;18,85014138;
São João de Pirabas;38,45599192;
São João do Araguaia;45,26935265;
São Miguel do Guamá;38,49336952;
São Sebastião da Boa Vista;4,333318889;
Senador José Porfírio;7,608034084;
Tailândia;82,60738961;
Terra Alta;38,68471954;
Terra Santa;5,855829478;
Tomé-Açu;63,21889543;
Tracuateua;3,615067602;
Tucumã;117,8376786;
Tucuruí;60,28897836;
Ulianópolis;34,34930958;
Uruará;33,23952401;
Vigia;20,72495907;
Viseu;5,249803132;
Xinguara;56,26223092;
Amapá;12,09189843;
Calçoene;32,52385082;
Cutias;20,77706212;
Ferreira Gomes;16,81802893;
Itaubal;22,87805994;
Laranjal do Jari;34,1997264;
Macapá;44,35035309;
Mazagão;22,9147571;
Oiapoque;14,2728008;
Porto Grande;34,82904743;
Santana;39,50588734;
Tartarugalzinho;7,766387077;
Vitória do Jari;23,55342702;
Abreulândia;40,76640848;
Aguiarnópolis;18,88574127;
Aliança do Tocantins;17,19099192;
Alvorada;34,92433062;
Ananás;49,41199723;
Angico;30,70310101;
Araguaçu;44,38526409;
Araguaína;34,982703;
Araguatins;52,90017426;
Arraias;18,31669567;
Augustinópolis;12,22419168;
Axixá do Tocantins;31,53247845;
Babaçulândia;18,70382493;
Barrolândia;36,44979041;
Bernardo Sayão;21,87705097;
Bom Jesus do Tocantins;77,61966365;
Brejinho de Nazaré;37,60105283;
Campos Lindos;35,932447;
Chapada da Natividade;29,75304969;
Colinas do Tocantins;18,9675339;
Conceição do Tocantins;23,31002331;
Couto de Magalhães;19,462826;
Cristalândia;13,47708895;
Darcinópolis;18,48770568;
Dianópolis;30,60443764;
Esperantina;10,28806584;
Filadélfia;11,46263182;
Formoso do Araguaia;26,45222728;
Goianorte;19,66955153;
Goiatins;16,16161616;
Guaraí;29,41423649;
Gurupi;22,86207816;
Ipueiras;59,48839976;
Itacajá;27,44613696;
Itapiratins;27,60143527;
Itaporã do Tocantins;79,74481659;
Jaú do Tocantins;27,80094523;
Lagoa da Confusão;19,09672491;
Lagoa do Tocantins;55,30973451;
Lajeado;70,32348805;
Maurilândia do Tocantins;30,91190108;
Miracema do Tocantins;18,85280671;
Miranorte;30,89280198;
Monte do Carmo;29,03178981;
Monte Santo do Tocantins;46,75081814;
Palmeiras do Tocantins;16,98369565;
Natividade;21,66377816;
Nazaré;22,22716159;
Nova Olinda;36,49302071;
Novo Acordo;51,82689816;
Novo Alegre;42,64392324;
Novo Jardim;79,36507937;
Palmeirante;39,35458481;
Paraíso do Tocantins;19,75330319;
Pau D'Arco;42,49893753;
Pedro Afonso;25,34640081;
Peixe;37,5516335;
Colméia;22,64236386;
Pindorama do Tocantins;21,63565556;
Ponte Alta do Tocantins;27,15546504;
Porto Nacional;39,67230675;
Praia Norte;12,72912424;
Presidente Kennedy;26,48305085;
Pugmil;41,15226337;
Recursolândia;25,87322122;
Rio Sono;15,58846454;
Sampaio;50,45408678;
Santa Fé do Araguaia;14,77323091;
Santa Rosa do Tocantins;42,68032437;
Santa Tereza do Tocantins;38,63987635;
Santa Terezinha do Tocantins;39,40110323;
São Bento do Tocantins;42,31013328;
São Miguel do Tocantins;9,301460329;
São Sebastião do Tocantins;22,76348737;
São Valério da Natividade;22,24199288;
Silvanópolis;19,23446817;
Taguatinga;38,86262064;
Palmas;20,06686107;
Tocantínia;14,47178003;
Tocantinópolis;25,85983967;
Tupiratins;46,49000465;
Wanderlândia;26,63352273;
Açailândia;45,92993771;
Água Doce do Maranhão;17,19394773;
Alcântara;9,112447603;
Aldeias Altas;12,46986449;
Altamira do Maranhão;8,999280058;
Alto Alegre do Maranhão;24,28363283;
Alto Alegre do Pindaré;22,44021286;
Alto Parnaíba;9,247272055;
Amapá do Maranhão;15,4822728;
Amarante do Maranhão;39,37007874;
Anajatuba;11,80962878;
Anapurus;7,142346975;
Arame;9,421518749;
Arari;10,48437828;
Axixá;17,45657677;
Bacabal;36,83167923;
Bacabeira;13,34133814;
Bacuri;5,996282305;
Bacurituba;18,81113619;
Balsas;34,56578226;
Barão de Grajaú;11,16071429;
Barra do Corda;10,81782778;
Barreirinhas;3,624961485;
Bela Vista do Maranhão;8,263097009;
Boa Vista do Gurupi;75,1503006;
Bom Jardim;25,49589516;
Bom Jesus das Selvas;17,49169145;
Bom Lugar;6,718624026;
Brejo;2,98445101;
Brejo de Areia;17,85076758;
Buriti Bravo;8,695652174;
Buriticupu;42,73112963;
Cachoeira Grande;23,57656489;
Cajapió;9,398496241;
Cajari;5,429176394;
Campestre do Maranhão;14,89425082;
Cândido Mendes;21,5204175;
Capinzal do Norte;9,306654258;
Carolina;8,310824849;
Carutapera;9,048545446;
Caxias;25,02968264;
Central do Maranhão;37,86922494;
Centro Novo do Maranhão;5,649717514;
Chapadinha;9,501187649;
Cidelândia;7,276961141;
Codó;25,30364372;
Coelho Neto;29,81451115;
Colinas;10,17682229;
Conceição do Lago-Açu;20,68965517;
Coroatá;11,2906868;
Cururupu;21,34406635;
Davinópolis;7,91452315;
Dom Pedro;8,779245863;
Duque Bacelar;9,349289454;
Esperantinópolis;16,18646811;
Estreito;41,67361227;
Fortuna;19,78239367;
Gonçalves Dias;11,39017028;
Governador Edison Lobão;50,10961478;
Governador Luiz Rocha;13,57036233;
Governador Newton Bello;16,70285619;
Governador Nunes Freire;47,03484498;
Grajaú;36,8778861;
Guimarães;16,48261085;
Humberto de Campos;15,20623456;
Igarapé Grande;45,08566276;
Imperatriz;43,04102977;
Itaipava do Grajaú;27,8551532;
Itapecuru Mirim;20,83834255;
Itinga do Maranhão;48,05189605;
Jatobá;11,67678655;
Jenipapo dos Vieiras;32,24142378;
João Lisboa;14,65487763;
Junco do Maranhão;49,52947003;
Lago da Pedra;32,40650723;
Lago Verde;12,91989664;
Lajeado Novo;14,38021283;
Lima Campos;8,715356458;
Maracaçumé;10,3950104;
Maranhãozinho;7,078643732;
Mata Roma;6,571597555;
Matinha;9,098353198;
Matões;6,420133539;
Matões do Norte;7,217610971;
Mirador;4,868075163;
Miranda do Norte;16,30324027;
Mirinzal;7,002310763;
Monção;9,410878976;
Morros;11,19695443;
Nina Rodrigues;7,987858455;
Nova Olinda do Maranhão;5,203184349;
Olho d'Água das Cunhãs;21,40983782;
Paço do Lumiar;17,99480992;
Palmeirândia;10,61176845;
Paraibano;14,85736926;
Parnarama;14,39304528;
Passagem Franca;28,3446712;
Pastos Bons;5,510552708;
Paulo Ramos;19,83339944;
Pedreiras;35,33301365;
Pedro do Rosário;4,37962598;
Penalva;37,76983643;
Peri Mirim;14,42585113;
Peritoró;9,391876027;
Pindaré-Mirim;12,78363694;
Pinheiro;19,10633311;
Pio XII;4,522226744;
Pirapemas;11,45606599;
Poção de Pedras;10,10356151;
Porto Franco;23,12138728;
Presidente Dutra;48,96614659;
Presidente Juscelino;8,626639061;
Presidente Médici;31,24023743;
Presidente Vargas;18,58045336;
Primeira Cruz;7,134703196;
Raposa;41,59891086;
Riachão;19,70637501;
Ribamar Fiquene;27,21088435;
Rosário;22,64093985;
Santa Helena;15,27378255;
Santa Inês;32,20653406;
Santa Luzia;20,16915195;
Santa Luzia do Paruá;13,19029195;
Santa Quitéria do Maranhão;23,8744884;
Santa Rita;3,076071242;
Santana do Maranhão;8,537522411;
Santo Amaro do Maranhão;7,204091924;
São Bento;4,888063349;
São Domingos do Maranhão;14,81218154;
São Francisco do Brejão;19,40617116;
São João Batista;4,9980008;
São João dos Patos;11,98178768;
São José de Ribamar;29,31011321;
São José dos Basílios;13,28197636;
São Luís;44,93160683;
São Mateus do Maranhão;33,10752305;
São Pedro da Água Branca;8,277460475;
São Raimundo das Mangabeiras;11,39536209;
São Roberto;16,71402307;
São Vicente Ferrer;19,08852303;
Senador Alexandre Costa;19,41559072;
Senador La Rocque;16,59475606;
Sítio Novo;5,855829478;
Sucupira do Norte;9,532888465;
Tasso Fragoso;38,31417625;
Timbiras;7,112122613;
Timon;23,05505034;
Trizidela do Vale;15,75878552;
Tuntum;7,622725887;
Turiaçu;8,802042074;
Turilândia;13,07360439;
Tutóia;11,31605749;
Urbano Santos;8,103071064;
Vargem Grande;12,08921843;
Viana;20,11465353;
Vila Nova dos Martírios;8,843296781;
Vitória do Mearim;28,70355605;
Vitorino Freire;25,15881502;
Zé Doca;29,76485762;
Água Branca;12,06199867;
Alagoinha do Piauí;27,03067982;
Alto Longá;7,270612186;
Altos;10,22285831;
Alvorada do Gurguéia;19,64636542;
Amarante;17,37116387;
Assunção do Piauí;13,22401481;
Avelino Lopes;8,965393581;
Barras;6,636580834;
Barro Duro;15,01726986;
Batalha;11,54867768;
Betânia do Piauí;32,99241175;
Bom Jesus;13,15385627;
Buriti dos Lopes;15,60549313;
Cabeceiras do Piauí;9,994003598;
Campo Maior;15,3734654;
Canavieira;25,30364372;
Canto do Buriti;4,955892556;
Capitão de Campos;9,058791557;
Caracol;9,715340523;
Caraúbas do Piauí;17,95654516;
Caridade do Piauí;20,55921053;
Castelo do Piauí;5,41096261;
Cocal;7,62166076;
Cocal dos Alves;17,80626781;
Coronel José Dias;43,69674459;
Corrente;7,810364354;
Cristalândia do Piauí;12,66945395;
Cristino Castro;9,940357853;
Dom Expedito Lopes;15,10345869;
Elesbão Veloso;6,837139341;
Esperantina;13,13542624;
Floriano;13,75870668;
Francisco Macedo;34,4589938;
Gilbués;9,538344144;
Guadalupe;19,3255387;
Inhuma;6,683598449;
Ipiranga do Piauí;10,63716626;
Itainópolis;8,930963651;
Jatobá do Piauí;21,30833156;
Jerumenha;22,59887006;
Joaquim Pires;35,90406434;
Joca Marques;19,45525292;
José de Freitas;2,675442117;
Jurema;21,96354052;
Luís Correia;3,492839679;
Luzilândia;16,05394124;
Manoel Emídio;19,03311762;
Marcolândia;12,7000254;
Miguel Alves;3,072763029;
Milton Brandão;14,65845793;
Monsenhor Gil;19,20491646;
Morro do Chapéu do Piauí;15,26717557;
Novo Santo Antônio;30,43213634;
Oeiras;2,783886863;
Palmeirais;7,218652999;
Paquetá;47,84688995;
Parnaguá;19,31061118;
Parnaíba;22,47129802;
Paulistana;15,04438092;
Pavussu;27,08559047;
Pedro II;2,646062659;
Picos;22,9751463;
Pimenteiras;33,82377812;
Piracuruca;7,202016565;
Piripiri;6,418279259;
Porto;8,339588024;
Queimada Nova;11,60092807;
Regeneração;5,651633322;
Rio Grande do Piauí;31,63555837;
Santa Cruz do Piauí;16,46090535;
Santa Cruz dos Milagres;26,15062762;
Santa Luz;17,99856012;
Santa Rosa do Piauí;19,26782274;
Santo Antônio de Lisboa;16,51800463;
São João da Serra;32,22687722;
São João do Arraial;13,52447931;
São João do Piauí;5,07562684;
São José do Piauí;15,05343971;
São Raimundo Nonato;15,34589651;
Sebastião Leal;24,10800386;
Simões;13,99384271;
Sussuapara;15,92863969;
Teresina;24,61463474;
União;9,304489416;
Uruçuí;9,848335631;
Valença do Piauí;4,881382408;
Wall Ferraz;23,18034307;
Acarapé;25,72181853;
Acaraú;10,28277635;
Acopiara;42,41290895;
Aiuaba;42,61017775;
Alcântaras;9,156670635;
Altaneira;14,38641922;
Alto Santo;24,11672495;
Amontada;15,08409382;
Antonina do Norte;56,48919644;
Apuiarés;7,083156254;
Aquiraz;50,24647935;
Aracati;17,11351968;
Aracoiaba;11,65320075;
Ararendá;9,40114694;
Araripe;38,14609956;
Aratuba;34,22020703;
Arneiroz;25,78648788;
Assaré;8,788504636;
Aurora;20,0746778;
Baixio;16,36661211;
Banabuiú;28,48029164;
Barbalha;28,52507532;
Barreira;10,07810532;
Barro;18,33768853;
Baturité;23,67984845;
Beberibe;10,00080006;
Bela Cruz;3,194173827;
Boa Viagem;30,05993199;
Brejo Santo;21,82405447;
Camocim;8,197527626;
Campos Sales;37,21068691;
Canindé;25,1632299;
Caridade;39,41275002;
Caririaçu;41,10612855;
Cariús;15,93625498;
Cascavel;17,89415607;
Catarina;10,52354644;
Catunda;19,82160555;
Caucaia;50,30897591;
Cedro;20,10616053;
Chaval;15,63721658;
Choró;30,6936771;
Chorozinho;31,28584837;
Coreaú;13,47769442;
Crateús;10,8367311;
Crato;35,73894326;
Cruz;4,387696898;
Deputado Irapuan Pinheiro;10,84481076;
Ererê;14,41961067;
Eusébio;57,85053137;
Farias Brito;5,18914431;
Forquilha;22,63570103;
Fortaleza;47,01869687;
Frecheirinha;7,592437932;
General Sampaio;15,86294416;
Granja;7,494004796;
Granjeiro;21,30833156;
Groaíras;9,643201543;
Guaiúba;16,37599279;
Guaraciaba do Norte;7,832898172;
Guaramiranga;23,68545713;
Hidrolândia;10,20772725;
Horizonte;41,10519355;
Ibaretama;22,89901534;
Ibiapina;4,142673682;
Ibicuitinga;34,80682214;
Icapuí;32,17675766;
Icó;28,62954871;
Iguatu;22,48684009;
Independência;15,42733724;
Ipaumirim;16,42575558;
Ipu;7,342862737;
Ipueiras;18,23486506;
Iracema;21,56256738;
Irauçuba;17,67252806;
Itaiçaba;13,48072257;
Itaitinga;49,56765986;
Itapagé;38,7581086;
Itapipoca;20,39480952;
Itapiúna;21,18083135;
Itarema;10,52880945;
Itatira;5,220296513;
Jaguaretama;44,17205014;
Jaguaribara;66,3947643;
Jaguaribe;28,66397225;
Jaguaruana;3,059601028;
Jardim;7,391256144;
Jati;25,75328354;
Jijoca de Jericoacoara;40,60795916;
Juazeiro do Norte;30,78003717;
Jucás;4,142845306;
Lavras da Mangabeira;25,37910031;
Limoeiro do Norte;26,29503024;
Maracanaú;55,67061865;
Maranguape;25,1871667;
Marco;7,985307035;
Martinópole;9,65623793;
Massapê;8,408071749;
Mauriti;20,0651001;
Meruoca;7,203054095;
Milagres;13,93291302;
Milhã;37,68465481;
Miraíma;30,82139004;
Missão Velha;17,26618705;
Mombaça;41,58676617;
Monsenhor Tabosa;29,52116668;
Morada Nova;25,4262876;
Moraújo;12,22195062;
Morrinhos;4,764627406;
Mulungu;8,587376557;
Nova Olinda;27,67400028;
Nova Russas;19,11132346;
Novo Oriente;17,96364159;
Ocara;8,216926869;
Orós;18,44507978;
Pacajus;28,70950763;
Pacatuba;16,37040776;
Pacoti;25,492862;
Pacujá;16,47717911;
Palhano;11,12470798;
Palmácia;57,50903713;
Paracuru;12,47077163;
Paraipaba;26,26567733;
Parambu;34,65221774;
Paramoti;34,88879198;
Pedra Branca;35,31738557;
Penaforte;23,98081535;
Pentecoste;16,71681712;
Pereiro;6,259389084;
Pindoretama;10,55798976;
Piquet Carneiro;12,75347532;
Poranga;8,218277449;
Porteiras;32,74394237;
Quiterianópolis;24,75492623;
Quixadá;41,60344574;
Quixeramobim;42,53275708;
Quixeré;35,56549131;
Redenção;37,33851094;
Reriutaba;10,13941698;
Russas;18,36080392;
Saboeiro;25,04539478;
Salitre;12,76487107;
Santana do Acaraú;16,46795336;
Santana do Cariri;17,23345588;
Santa Quitéria;9,225730563;
São Benedito;15,62779068;
São Gonçalo do Amarante;24,71910112;
São João do Jaguaribe;62,42197253;
São Luís do Curu;15,99616092;
Senador Pompeu;48,44058576;
Senador Sá;14,39470275;
Sobral;17,29124748;
Solonópole;16,75041876;
Tabuleiro do Norte;57,41303614;
Tamboril;23,25130789;
Tauá;33,63427155;
Tejuçuoca;5,861321142;
Tianguá;24,33821529;
Trairi;15,34448366;
Tururu;13,69112815;
Ubajara;15,51397809;
Umirim;15,73729214;
Uruburetama;29,94011976;
Uruoca;15,31159087;
Varjota;16,8189718;
Várzea Alegre;12,83104085;
Viçosa do Ceará;14,35801716;
Açu;41,9325433;
Alexandria;35,92212084;
Alto do Rodrigues;23,65930599;
Antônio Martins;42,14667041;
Apodi;19,54051866;
Areia Branca;7,666653889;
Arês;15,01726986;
Augusto Severo;20,89427497;
Baía Formosa;22,63980077;
Baraúna;12,03852327;
Bento Fernandes;56,93680015;
Brejinho;16,76445935;
Caiçara do Norte;16,13163413;
Caicó;12,37968494;
Campo Redondo;9,45268929;
Canguaretama;18,83298283;
Caraúbas;64,44257175;
Carnaúba dos Dantas;13,06165099;
Ceará-Mirim;19,93762372;
Coronel Ezequiel;35,90664273;
Coronel João Pessoa;40,66693778;
Currais Novos;6,825472664;
Doutor Severiano;14,94768311;
Parnamirim;20,13123649;
Encanto;18,54943424;
Equador;16,66666667;
Espírito Santo;9,264406152;
Extremoz;11,84927719;
Frutuoso Gomes;22,92526364;
Goianinha;21,58242327;
Ipanguaçu;35,01645774;
Itajá;13,99972001;
Itaú;17,43983258;
Jaçanã;36,73319456;
Jandaíra;14,26940639;
Jardim de Piranhas;14,36988073;
João Câmara;12,04456489;
João Dias;186,5671642;
Jucurutu;5,484861782;
Lagoa d'Anta;15,58360605;
Lagoa de Pedras;41,65509581;
Lajes;9,347541597;
Lajes Pintadas;21,03934357;
Lucrécia;80,12820513;
Macaíba;29,3353449;
Macau;20,10926031;
Marcelino Vieira;23,48244687;
Martins;11,80776951;
Maxaranguape;18,58908821;
Montanhas;25,50803503;
Monte Alegre;9,382623382;
Mossoró;47,434255;
Natal;35,37570691;
Nísia Floresta;24,48080297;
Nova Cruz;10,9373291;
Paraná;24,55192733;
Parelhas;9,535160906;
Rio do Fogo;9,646922632;
Passa e Fica;8,742022904;
Patu;24,33287371;
Pau dos Ferros;24,48322899;
Pedra Grande;27,56339581;
Pedra Preta;37,46721619;
Pedro Avelino;13,53179973;
Pedro Velho;20,62706271;
Pendências;21,67316862;
Pilões;28,10567735;
Poço Branco;27,82802282;
Portalegre;13,25732467;
Porto do Mangue;37,20238095;
Presidente Juscelino;33,20420587;
Pureza;11,51941021;
Rafael Fernandes;20,68252327;
Rafael Godeiro;95,05703422;
Rodolfo Fernandes;21,96354052;
Tibau;26,3227165;
Santa Cruz;37,95169292;
Santana do Matos;7,027406887;
Santo Antônio;43,6795667;
São Gonçalo do Amarante;38,74167054;
São José de Mipibu;14,63807363;
São Miguel;13,13887794;
São Paulo do Potengi;6,125199069;
São Pedro;15,56420233;
São Rafael;35,89375449;
Serra de São Bento;16,89760054;
Serra Negra do Norte;12,48907206;
Serrinha;14,74491301;
Serrinha dos Pintos;21,37665669;
Taipu;24,59621218;
Tangará;13,69206545;
Tenente Ananias;19,63864886;
Tibau do Sul;17,04739175;
Touros;9,364172675;
Triunfo Potiguar;28,81014117;
Umarizal;109,2498179;
Upanema;7,46937556;
Vera Cruz;9,053050878;
Aguiar;17,8348493;
Alagoa Grande;6,925687375;
Alagoa Nova;35,07716977;
Alagoinha;14,5285486;
Alcantil;18,8253012;
Algodão de Jandaíra;83,36807003;
Alhandra;38,33725834;
São João do Rio do Peixe;16,25487646;
Amparo;47,23665564;
Aparecida;12,848516;
Araçagi;11,45147438;
Arara;31,17692907;
Araruna;10,44768323;
Areia;20,69365119;
Areia de Baraúnas;51,17707267;
Aroeiras;15,50467724;
Baía da Traição;12,30920729;
Bananeiras;40,6192174;
Barra de Santana;24,03557265;
Barra de Santa Rosa;34,83106931;
Barra de São Miguel;17,57469244;
Bayeux;81,09899022;
Belém;5,76967459;
Bonito de Santa Fé;18,25650388;
Boqueirão;35,0385424;
Igaracy;16,02050625;
Brejo do Cruz;30,05936725;
Brejo dos Santos;95,46539379;
Caaporã;53,27650506;
Cabedelo;124,2447451;
Cachoeira dos Índios;10,33057851;
Cacimba de Dentro;11,77717583;
Cacimbas;14,47387466;
Cajazeiras;15,1862851;
Caldas Brandão;17,49475157;
Camalaú;17,1556013;
Campina Grande;47,87457374;
Capim;35,21746786;
Catingueira;20,49600328;
Catolé do Rocha;24,00466376;
Conceição;16,11170784;
Condado;14,97902936;
Conde;64,51910226;
Congo;42,07868715;
Coremas;6,509992839;
Coxixola;55,67928731;
Cubati;28,72737719;
Cuité;24,68160727;
Cuitegi;28,63278454;
Curral Velho;78,74015748;
Desterro;24,68221646;
Diamante;59,62140408;
Dona Inês;18,75468867;
Duas Estradas;27,10761724;
Esperança;12,68633048;
Fagundes;8,646779075;
Gado Bravo;23,5488049;
Guarabira;35,65062389;
Gurinhém;7,109341675;
Ibiara;65,41291905;
Imaculada;8,687342542;
Ingá;16,27427579;
Itabaiana;32,22687722;
Itaporanga;8,504486116;
Itapororoca;23,20858718;
Itatuba;9,667440062;
Jacaraú;21,22090967;
Jericó;26,16773518;
João Pessoa;67,47178453;
Juazeirinho;5,878549174;
Junco do Seridó;14,8456057;
Juru;20,07226014;
Lagoa Seca;22,84669865;
Livramento;27,53303965;
Lucena;67,26080377;
Mamanguape;25,64401445;
Manaíra;36,66361137;
Mari;27,94336811;
Mataraca;13,31380642;
Maturéia;33,21155762;
Mogeiro;15,79030475;
Monteiro;15,98261092;
Mulungu;41,65798792;
Natuba;18,66716446;
Nova Floresta;37,45318352;
Nova Olinda;16,2469537;
Olho d'Água;42,68639727;
Olivedos;27,18868951;
Patos;55,83691702;
Paulista;25,09830168;
Pedra Lavrada;13,19261214;
Pedras de Fogo;43,77964247;
Piancó;6,377144315;
Pilar;26,43637645;
Pilões;14,13227812;
Pirpirituba;19,10037246;
Pitimbu;23,17228595;
Pocinhos;23,16155182;
Pombal;18,4280844;
Princesa Isabel;9,267411149;
Puxinanã;53,41880342;
Queimadas;26,42769623;
Remígio;11,21893757;
Riachão;30,19323672;
Riacho dos Cavalos;11,8623962;
Rio Tinto;30,04549747;
Salgado de São Félix;16,46903821;
Santa Cecília;29,62524071;
Santa Cruz;15,23925632;
Santa Helena;18,36884644;
Santa Inês;55,72582892;
Santana de Mangueira;55,49389567;
Santana dos Garrotes;13,57220413;
Santa Rita;81,15153204;
Santa Teresinha;43,05705059;
São Bento;54,29401808;
São João do Tigre;22,43158367;
São José da Lagoa Tapada;13,03780965;
São José de Espinharas;20,71680133;
São José de Princesa;23,37540907;
São José do Bonfim;30,50640635;
São José dos Cordeiros;24,74634991;
São Mamede;38,18737271;
São Sebastião de Lagoa de Roça;71,45409075;
Sapé;37,36847281;
Seridó;9,64041261;
Serra Branca;15,20334474;
Serra Redonda;27,97594069;
Soledade;14,35647118;
Sousa;19,48324441;
Campo de Santana;9,609840477;
Taperoá;26,41135688;
Tavares;6,993006993;
Teixeira;34,84077765;
Uiraúna;13,52447931;
Umbuzeiro;42,42681375;
Várzea;39,38558488;
Abreu e Lima;59,09185154;
Afogados da Ingazeira;30,68939542;
Afrânio;5,566688933;
Agrestina;51,79781586;
Água Preta;11,83186914;
Águas Belas;24,33090024;
Alagoinha;21,34471718;
Aliança;26,16431188;
Altinho;21,89717089;
Amaraji;49,08303958;
Angelim;38,38403224;
Araçoiaba;53,91707554;
Araripina;17,72937377;
Arcoverde;44,11367097;
Barra de Guabiraba;15,32449621;
Barreiros;24,03383965;
Belém de Maria;68,98335776;
Belém de São Francisco;24,16743197;
Belo Jardim;20,27300987;
Betânia;32,62376641;
Bezerros;30,03504088;
Bodocó;8,353288411;
Bom Conselho;12,90822254;
Bom Jardim;28,4679089;
Bonito;36,48303539;
Brejão;22,13858756;
Brejinho;13,39764202;
Brejo da Madre de Deus;52,00208008;
Buenos Aires;31,2329195;
Buíque;30,06049675;
Cabo de Santo Agostinho;67,19398958;
Cabrobó;38,05054381;
Cachoeirinha;20,80732418;
Caetés;29,46701536;
Calçado;8,799718409;
Calumbi;52,00208008;
Camaragibe;38,62495172;
Camocim de São Félix;22,89377289;
Camutanga;12,00336094;
Canhotinho;43,91568189;
Capoeiras;14,98950734;
Carnaíba;15,81110994;
Carnaubeira da Penha;49,85459078;
Carpina;37,92436052;
Caruaru;37,9251817;
Casinhas;21,33409188;
Catende;25,88393643;
Cedro;18,16530427;
Chã de Alegria;15,78407387;
Chã Grande;34,03014098;
Condado;36,28447025;
Correntes;61,81859054;
Cortês;15,72327044;
Cumaru;28,48515923;
Cupira;29,29728372;
Custódia;23,13275309;
Dormentes;11,57340432;
Escada;35,44842255;
Exu;24,75553905;
Feira Nova;42,83062866;
Ferreiros;17,12915382;
Flores;13,2473726;
Floresta;66,85609226;
Frei Miguelinho;27,39726027;
Gameleira;28,05836139;
Garanhuns;37,06729605;
Glória do Goitá;30,36129946;
Goiana;50,47171643;
Granito;28,56326764;
Gravatá;28,16793209;
Iati;26,65955745;
Ibimirim;50,84622648;
Ibirajuba;64,96881497;
Igarassu;52,77551216;
Iguaraci;33,24468085;
Inajá;15,39171926;
Ipojuca;47,34676039;
Ipubi;13,92515231;
Itacuruba;44,81290612;
Itaíba;22,37053055;
Itamaracá;76,04562738;
Itambé;44,24901131;
Itapetim;14,10437236;
Itapissuma;127,6771005;
Itaquitinga;62,38303182;
Jaboatão dos Guararapes;44,79973758;
Jaqueira;17,02417433;
Jataúba;24,75400705;
Jatobá;14,02229545;
João Alfredo;57,31753917;
Joaquim Nabuco;43,44587885;
Jucati;18,46381093;
Jupi;71,42857143;
Jurema;26,92877339;
Lagoa do Carro;18,34750168;
Lagoa do Itaenga;61,60261574;
Lagoa dos Gatos;18,80759827;
Lagoa Grande;21,50537634;
Lajedo;48,10776139;
Limoeiro;38,84798079;
Macaparana;36,82487725;
Manari;37,89519272;
Maraial;64,03586008;
Mirandiba;20,52545156;
Moreno;36,25941018;
Nazaré da Mata;28,60957467;
Olinda;55,9723248;
Orobó;34,23192127;
Orocó;29,71105994;
Ouricuri;24,33756198;
Palmares;36,18064007;
Palmeirina;47,8182905;
Panelas;22,90338588;
Paranatama;8,898380495;
Parnamirim;29,04303209;
Passira;17,09752428;
Paudalho;22,87369906;
Paulista;37,46794861;
Pedra;51,41388175;
Pesqueira;62,22291359;
Petrolândia;27,1157844;
Petrolina;28,63945918;
Poção;26,12330199;
Pombos;52,9251313;
Primavera;43,70629371;
Quipapá;89,04719501;
Recife;42,59030545;
Riacho das Almas;5,10881782;
Ribeirão;44,05771561;
Rio Formoso;26,51699297;
Sairé;43,54642048;
Salgueiro;10,3721887;
Saloá;31,97339813;
Sanharó;22,29455567;
Santa Cruz;50,41048538;
Santa Cruz da Baixa Verde;49,91265286;
Santa Cruz do Capibaribe;46,94520824;
Santa Filomena;36,60590087;
Santa Maria da Boa Vista;14,89462056;
Santa Maria do Cambucá;75,18231712;
Santa Terezinha;17,81419792;
São Benedito do Sul;14,04395759;
São Bento do Una;16,54807215;
São Caitano;13,87616907;
São João;36,7478181;
São Joaquim do Monte;33,44641407;
São José da Coroa Grande;59,23213613;
São José do Belmonte;27,01161499;
São José do Egito;21,52918743;
São Lourenço da Mata;30,44487575;
São Vicente Ferrer;11,51675688;
Serra Talhada;38,30186814;
Serrita;5,340453939;
Sertânia;40,5632497;
Sirinhaém;26,72302796;
Moreilândia;35,17720517;
Surubim;23,42155452;
Tabira;40,74828672;
Tacaimbó;7,692899454;
Tacaratu;13,30790046;
Tamandaré;33,07972213;
Taquaritinga do Norte;27,51680491;
Terezinha;29,06131938;
Timbaúba;32,73739156;
Toritama;66,08111457;
Tracunhaém;7,4985003;
Trindade;44,98088312;
Tupanatinga;24,04809619;
Tuparetama;37,05991353;
Venturosa;24,39470635;
Verdejante;10,70778456;
Vertente do Lério;24,86943546;
Vertentes;42,97840335;
Vicência;28,66881152;
Vitória de Santo Antão;48,20366047;
Xexéu;55,57099194;
Água Branca;19,93223042;
Anadia;27,70697107;
Arapiraca;71,73730611;
Atalaia;71,8907261;
Barra de Santo Antônio;40,71108699;
Barra de São Miguel;50,99439062;
Batalha;33,92705683;
Belém;63,65372374;
Belo Monte;54,93750858;
Boca da Mata;74,91759065;
Branquinha;36,49302071;
Cacimbinhas;66,29415664;
Cajueiro;61,50352463;
Campo Alegre;13,30065173;
Campo Grande;10,69061364;
Canapi;27,98768542;
Capela;84,81284632;
Carneiros;58,23433496;
Coité do Nóia;26,51113468;
Colônia Leopoldina;43,40905802;
Coqueiro Seco;122,313472;
Coruripe;61,12243008;
Craíbas;29,85201928;
Delmiro Gouveia;72,27174175;
Dois Riachos;17,74937877;
Estrela de Alagoas;33,58146303;
Feira Grande;54,34290372;
Feliz Deserto;66,66666667;
Flexeiras;47,00352526;
Girau do Ponciano;26,38104786;
Ibateguara;57,36137667;
Igaci;57,49990417;
Igreja Nova;24,87252829;
Inhapi;16,18384852;
Jacaré dos Homens;53,51409204;
Jacuípe;13,7988133;
Jaramataia;17,37317582;
Jequiá da Praia;8,026970621;
Joaquim Gomes;55,60307956;
Jundiá;22,97794118;
Junqueiro;36,45791137;
Lagoa da Canoa;31,74435215;
Limoeiro de Anadia;32,19459846;
Maceió;95,02820309;
Major Isidoro;30,65760564;
Maragogi;33,5852225;
Maravilha;37,55515914;
Marechal Deodoro;86,10189424;
Maribondo;21,26905353;
Mata Grande;35,18511279;
Matriz de Camaragibe;40,59430056;
Messias;61,56877232;
Minador do Negrão;18,30496064;
Monteirópolis;13,92369813;
Murici;39,76430611;
Novo Lino;16,01281025;
Olho d'Água das Flores;33,18951211;
Olho d'Água do Casado;34,11416875;
Olivença;34,96197885;
Palmeira dos Índios;56,25763251;
Pão de Açúcar;24,32991363;
Paripueira;42,54594963;
Passo de Camaragibe;45,78155657;
Paulo Jacinto;39,00663113;
Penedo;63,96724877;
Piaçabuçu;61,7387888;
Pilar;121,7638361;
Piranhas;83,79771232;
Poço das Trincheiras;34,80197675;
Porto Calvo;18,77934272;
Porto de Pedras;11,45475372;
Porto Real do Colégio;39,95205753;
Quebrangulo;50,46257359;
Rio Largo;64,85815803;
Roteiro;58,02988539;
Santa Luzia do Norte;56,04595769;
Santana do Ipanema;45,12732352;
Santana do Mundaú;17,61804087;
São Brás;28,74389192;
São José da Laje;63,84337093;
São José da Tapera;51,34458636;
São Luís do Quitunde;29,79027645;
São Miguel dos Campos;111,4570802;
São Sebastião;69,37741313;
Satuba;46,28405184;
Senador Rui Palmeira;22,20084363;
Taquarana;45,68759836;
Teotônio Vilela;93,85265134;
Traipu;33,81043615;
União dos Palmares;78,96814951;
Viçosa;38,00258418;
Amparo de São Francisco;42,88164666;
Aquidabã;24,31788337;
Aracaju;26,81377237;
Arauá;8,967001435;
Areia Branca;46,29361727;
Barra dos Coqueiros;54,67895641;
Boquim;19,10219675;
Brejo Grande;25,1984377;
Campo do Brito;23,29644729;
Canindé de São Francisco;23,70885526;
Capela;12,68431901;
Carira;19,50268162;
Carmópolis;14,44773532;
Cedro de São João;34,63203463;
Cristinápolis;5,904930617;
Divina Pastora;22,54791432;
Estância;40,89050432;
Feira Nova;54,96518871;
Frei Paulo;14,061731;
Gararu;17,10571331;
General Maynard;33,3000333;
Ilha das Flores;35,05491937;
Indiaroba;12,32361821;
Itabaiana;42,62239919;
Itabaianinha;32,59043847;
Itabi;19,61938395;
Itaporanga d'Ajuda;28,86095434;
Japaratuba;11,56871819;
Japoatã;30,15681544;
Lagarto;33,93385982;
Laranjeiras;36,25947279;
Macambira;15,23925632;
Malhador;24,30133657;
Maruim;59,68723887;
Moita Bonita;17,73364072;
Monte Alegre de Sergipe;28,63278454;
Muribeca;26,56395272;
Neópolis;52,70925575;
Nossa Senhora Aparecida;11,46526026;
Nossa Senhora da Glória;12,00660363;
Nossa Senhora das Dores;27,77998254;
Nossa Senhora de Lourdes;15,63721658;
Nossa Senhora do Socorro;47,9153778;
Pacatuba;7,425007425;
Pedrinhas;22,08724462;
Pirambu;11,65501166;
Poço Redondo;12,63543608;
Poço Verde;13,31203408;
Porto da Folha;32,34036437;
Propriá;78,85624164;
Riachão do Dantas;20,12679883;
Riachuelo;62,56517205;
Ribeirópolis;11,36040897;
Rosário do Catete;21,15730456;
Salgado;20,14910336;
Santa Luzia do Itanhy;22,56487401;
Santana do São Francisco;41,58004158;
Santa Rosa de Lima;52,04267499;
Santo Amaro das Brotas;59,84440455;
São Cristóvão;40,81733624;
São Domingos;18,99515624;
São Miguel do Aleixo;26,37826431;
Simão Dias;35,2858151;
Siriri;48,75076173;
Telha;32,99241175;
Tobias Barreto;54,82344819;
Tomar do Geru;22,76521475;
Umbaúba;60,87485868;
Abaré;27,81022304;
Acajutiba;38,86262064;
Adustina;30,22243714;
Érico Cardoso;8,740494712;
Alagoinhas;47,47322109;
Alcobaça;26,77256704;
Almadina;29,8596596;
Amargosa;13,81520778;
Amélia Rodrigues;26,37528259;
América Dourada;5,946363799;
Anagé;11,15905371;
Andorinha;13,16915783;
Antas;5,559570801;
Antônio Cardoso;8,214901832;
Aporá;26,76372979;
Araças;24,62851983;
Araci;20,21315693;
Aramari;28,37147721;
Arataca;18,26650836;
Aratuípe;22,07505519;
Aurelino Leal;20,94387043;
Baixa Grande;14,19446416;
Barra;9,621120283;
Barra da Estiva;35,83747704;
Barra do Choça;16,36973781;
Barra do Rocha;15,03533303;
Barro Alto;6,972528239;
Governador Lomanto Júnior;44,1241359;
Belmonte;26,12443941;
Belo Campo;29,62085308;
Biritinga;19,19263003;
Boa Nova;12,31754634;
Boa Vista do Tupim;5,275652862;
Bom Jesus da Lapa;13,4563342;
Boninal;6,930487213;
Bonito;12,79672404;
Brejões;6,645401382;
Brotas de Macaúbas;26,5674814;
Brumado;13,22265482;
Buerarema;71,42128354;
Buritirama;9,684761029;
Caatiba;8,311170213;
Cabaceiras do Paraguaçu;16,43295355;
Cachoeira;23,70862105;
Caculé;8,53679358;
Caém;27,46246796;
Caetité;3,995046143;
Cafarnaum;5,515111405;
Cairu;18,52080504;
Caldeirão Grande;15,19641365;
Camacan;39,20504237;
Camaçari;56,64173128;
Camamu;45,86413425;
Campo Alegre de Lourdes;3,378834978;
Campo Formoso;28,4953054;
Canápolis;20,17349203;
Canarana;11,83105257;
Canavieiras;52,83395462;
Candeal;21,34016219;
Candeias;51,3604821;
Candiba;14,36988073;
Cândido Sales;6,799252082;
Cansanção;11,53668666;
Capela do Alto Alegre;8,233841087;
Capim Grosso;24,99821441;
Caraíbas;9,285051068;
Caravelas;13,29669356;
Cardeal da Silva;21,33105802;
Casa Nova;40,9231084;
Castro Alves;14,94209937;
Catu;52,03010313;
Caturama;10,73306858;
Central;16,73640167;
Chorrochó;8,842514811;
Cícero Dantas;17,63046544;
Cipó;12,04819277;
Coaraci;63,38283231;
Cocos;5,228484785;
Conceição da Feira;9,309253398;
Conceição do Coité;21,4178625;
Conceição do Jacuípe;50,41275443;
Conde;32,14658844;
Coração de Maria;8,473858148;
Cordeiros;11,61980014;
Coribe;6,633939233;
Coronel João Sá;22,2457038;
Crisópolis;80,48861323;
Cruz das Almas;16,19485651;
Curaçá;32,45603682;
Dário Meira;14,78852411;
Dias d'Ávila;82,85477558;
Encruzilhada;15,97444089;
Entre Rios;23,80442286;
Esplanada;40,50925926;
Euclides da Cunha;8,430850167;
Eunápolis;90,93750888;
Fátima;5,37692225;
Feira da Mata;46,04051565;
Feira de Santana;53,88059651;
Filadélfia;5,669898509;
Floresta Azul;8,903926632;
Formosa do Rio Preto;4,213009774;
Gandu;43,80201489;
Gavião;41,61464836;
Glória;25,18257366;
Gongogi;11,35718342;
Governador Mangabeira;19,15708812;
Guanambi;15,65152482;
Guaratinga;25,6926305;
Iaçu;22,1271574;
Ibiassucê;9,433072352;
Ibicaraí;50,8348649;
Ibicoara;10,98418278;
Ibicuí;6,012867537;
Ibipeba;16,74107143;
Ibirapitanga;42,00092402;
Ibirapuã;23,86065378;
Ibirataia;30,06313258;
Ibititá;15,96084273;
Ibotirama;7,466308284;
Igrapiúna;14,22677479;
Iguaí;36,92353137;
Ilhéus;59,75931421;
Inhambupe;28,75666632;
Ipecaetá;6,190800471;
Ipiaú;29,9337182;
Ipirá;19,19263003;
Ipupiara;10,22181335;
Irajuba;13,55564593;
Iraquara;8,398773779;
Irará;31,1009745;
Irecê;37,28721192;
Itabela;56,83337791;
Itaberaba;21,56002156;
Itabuna;85,79153122;
Itacaré;31,22316759;
Itaeté;6,35970491;
Itagi;29,08879354;
Itagibá;37,48360092;
Itagimirim;40,04805767;
Itaguaçu da Bahia;28,74182654;
Itaju do Colônia;51,94130632;
Itajuípe;72,03637837;
Itamaraju;51,16629044;
Itamari;36,02738081;
Itambé;20,55329469;
Itanagra;37,47657714;
Itanhém;37,55868545;
Itaparica;77,85308665;
Itapé;25,89779006;
Itapebi;45,21613312;
Itapetinga;43,09565846;
Itapicuru;38,2465431;
Itapitanga;37,19546215;
Itaquara;37,08281829;
Itatim;52,2875817;
Itiúba;10,51275986;
Itororó;76,25583834;
Ituberá;32,12450029;
Iuiú;8,707767329;
Jaborandi;21,15506664;
Jacobina;28,74423618;
Jaguaquara;20,46663938;
Jaguarari;3,127932437;
Jaguaripe;17,29106628;
Jandaíra;36,7478181;
Jequié;34,36683788;
Jeremoabo;17,63224181;
Jitaúna;20,17213556;
João Dourado;25,25465106;
Juazeiro;37,39626133;
Jucuruçu;18,44678104;
Jussara;12,61113563;
Jussari;29,3212139;
Laje;25,65089137;
Lajedo do Tabocal;22,85714286;
Lapão;7,401650568;
Lauro de Freitas;88,2638159;
Licínio de Almeida;7,709505821;
Livramento de Nossa Senhora;6,6693344;
Luís Eduardo Magalhães;1,579105279;
Macajuba;16,90474178;
Macarani;27,76389583;
Macaúbas;2,01722712;
Madre de Deus;38,23674004;
Maiquinique;21,61461148;
Mairi;24,55554464;
Manoel Vitorino;6,597176409;
Maracás;3,856239395;
Maragogipe;11,08401685;
Maraú;24,8447205;
Marcionílio Souza;18,07827895;
Mascote;12,96596434;
Mata de São João;51,96400312;
Medeiros Neto;52,8262018;
Miguel Calmon;14,34000143;
Milagres;27,62939768;
Mirangaba;11,66044776;
Monte Santo;3,626867837;
Morro do Chapéu;10,79651273;
Mucugê;9,00090009;
Mucuri;44,78752272;
Mulungu do Morro;7,748334108;
Mundo Novo;3,890596428;
Muniz Ferreira;12,97185108;
Muritiba;13,13715187;
Mutuípe;17,69989823;
Nazaré;41,75946548;
Nordestina;15,34448366;
Nova Canaã;17,03674257;
Nova Fátima;12,48439451;
Nova Ibiá;14,27755568;
Nova Itarana;38,29461322;
Nova Redenção;11,81334908;
Nova Soure;19,66181675;
Nova Viçosa;56,61817197;
Novo Triunfo;18,91789633;
Olindina;30,4414003;
Oliveira dos Brejinhos;4,347637059;
Ourolândia;17,33603005;
Palmas de Monte Alto;18,27401891;
Paramirim;4,519365481;
Paratinga;6,433764396;
Paripiranga;30,75135819;
Pau Brasil;96,20430296;
Paulo Afonso;56,91419966;
Pedro Alexandre;16,75416062;
Piatã;5,278158978;
Pilão Arcado;5,776673791;
Pindobaçu;33,01886792;
Pintadas;18,35535977;
Piraí do Norte;19,3723363;
Piritiba;4,237288136;
Planaltino;10,7584723;
Planalto;3,877020897;
Poções;14,86294244;
Pojuca;31,57381096;
Ponto Novo;12,05836247;
Porto Seguro;102,4429273;
Potiraguá;19,3498452;
Prado;41,22577985;
Presidente Dutra;34,51370194;
Presidente Jânio Quadros;6,952169077;
Presidente Tancredo Neves;27,86180545;
Queimadas;15,43150341;
Quixabeira;19,86886549;
Rafael Jambeiro;8,298755187;
Remanso;17,05445243;
Riachão do Jacuípe;14,30615165;
Riacho de Santana;9,291089845;
Ribeira do Pombal;13,98182363;
Ribeirão do Largo;11,03387399;
Rio de Contas;7,297139521;
Rio Real;45,96996629;
Rodelas;12,20703125;
Ruy Barbosa;9,52713646;
Salinas da Margarida;21,16103548;
Salvador;67,85877712;
Santa Bárbara;14,93577616;
Santa Brígida;25,20955442;
Santa Cruz Cabrália;32,52385082;
Santa Inês;9,158347834;
Santaluz;11,21956692;
Santa Luzia;78,24169571;
Santa Maria da Vitória;21,19142924;
Santana;11,50439084;
Santanópolis;10,81548778;
Santa Teresinha;9,837678308;
Santo Amaro;31,19971099;
Santo Antônio de Jesus;44,85614738;
Santo Estêvão;23,78734117;
São Félix;13,4643867;
São Félix do Coribe;29,09725758;
São Felipe;14,02327864;
São Francisco do Conde;22,88198616;
São Gabriel;15,45197013;
São Gonçalo dos Campos;19,96178744;
São José da Vitória;99,65122073;
São Miguel das Matas;18,22821728;
São Sebastião do Passé;33,77389503;
Sapeaçu;22,89115257;
Sátiro Dias;25,02377258;
Saubara;8,473858148;
Saúde;8,012820513;
Seabra;2,270714594;
Senhor do Bonfim;15,30456076;
Serra do Ramalho;5,999880002;
Sento Sé;7,60822703;
Serra Dourada;15,72079862;
Serra Preta;12,32513712;
Serrinha;16,07379107;
Serrolândia;23,0662771;
Simões Filho;94,07035176;
Sítio do Mato;7,876496534;
Sítio do Quinto;15,07499812;
Sobradinho;34,51399974;
Souto Soares;5,969792848;
Tanhaçu;9,484966328;
Tanquinho;11,85255423;
Taperoá;10,1250443;
Tapiramutá;22,98718464;
Teixeira de Freitas;72,03770659;
Teodoro Sampaio;24,0442414;
Teofilândia;4,418132014;
Teolândia;19,19263003;
Terra Nova;29,65379198;
Tremedal;11,14702932;
Tucano;5,432027233;
Uauá;19,53430223;
Ubaitaba;50,4587156;
Ubatã;34,16337686;
Uibaí;34,83106931;
Una;31,49358318;
Urandi;5,764020981;
Uruçuca;62,20095694;
Utinga;10,4455006;
Valença;83,48764276;
Valente;7,728871198;
Várzea da Roça;13,76936317;
Várzea do Poço;21,91780822;
Várzea Nova;14,52011035;
Varzedo;10,41992289;
Vera Cruz;60,63515323;
Vereda;13,95673412;
Vitória da Conquista;77,63302775;
Wenceslau Guimarães;21,3876294;
Xique-Xique;12,50599245;
Abadia dos Dourados;14,51800232;
Abaeté;4,289636239;
Abre Campo;7,312079555;
Açucena;37,88596325;
Aguanil;24,00960384;
Águas Formosas;21,06815548;
Águas Vermelhas;7,650524061;
Aimorés;19,49849862;
Alfenas;10,55450743;
Almenara;7,530498519;
Alpercata;13,57036233;
Alpinópolis;10,5290866;
Alvarenga;21,90100745;
Alvinópolis;6,377957778;
Alvorada de Minas;54,89980785;
Amparo do Serra;19,26040062;
Andradas;7,834534629;
Cachoeira de Pajeú;10,86366105;
Andrelândia;7,995522507;
Angelândia;48,64996351;
Araçuaí;2,702629659;
Araguari;20,387902;
Araújos;12,34720336;
Araxá;6,234349186;
Arceburgo;10,23541453;
Arcos;10,63801495;
Areado;7,088176921;
Aricanduva;20,40399918;
Arinos;22,02764469;
Astolfo Dutra;7,458790184;
Ataléia;13,46710659;
Baldim;24,600246;
Bambuí;8,562743503;
Bandeira;19,51600312;
Barão de Cocais;10,26623777;
Barbacena;3,853653649;
Barroso;9,932459277;
Belo Horizonte;29,66867791;
Belo Oriente;8,319813636;
Bertópolis;21,64033759;
Betim;57,40661129;
Bicas;7,129108149;
Boa Esperança;10,10815728;
Bocaiúva;14,60371769;
Bom Despacho;6,4;
Bom Jardim de Minas;14,97230124;
Bom Jesus da Penha;25,03755633;
Bom Jesus do Galho;12,67025657;
Bom Repouso;18,61504095;
Bom Sucesso;5,644615037;
Borda da Mata;5,686018082;
Brasilândia de Minas;13,68363437;
Brasília de Minas;6,236552434;
Brumadinho;5,729838132;
Buenópolis;18,91431814;
Bugre;24,38429651;
Buritis;21,40319336;
Buritizeiro;18,07664497;
Cachoeira Dourada;38,85003885;
Caeté;2,388516015;
Caldas;7,139287499;
Camanducaia;9,234463016;
Cambuí;3,674579261;
Campina Verde;5,036768409;
Campo Belo;15,10659592;
Campo do Meio;8,481044865;
Campos Altos;20,55357632;
Campos Gerais;14,10586451;
Caparaó;18,68460389;
Capelinha;27,966552;
Capinópolis;19,09733274;
Capitão Andrade;19,76284585;
Caputira;10,77818495;
Caraí;34,84927688;
Carangola;18,0820927;
Caratinga;17,12798027;
Careaçu;15,45356205;
Carlos Chagas;14,54968718;
Carmo da Cachoeira;8,223007976;
Carmo do Cajuru;4,863576674;
Carmo do Paranaíba;9,819967267;
Carmópolis de Minas;11,41813199;
Carneirinho;10,27643613;
Cataguases;2,790567881;
Catuji;43,52872896;
Caxambu;4,484304933;
Central de Minas;28,74389192;
Cipotânea;14,86546752;
Cláudio;11,33016089;
Coluna;32,35896883;
Comendador Gomes;32,74394237;
Conceição da Aparecida;19,82357023;
Conceição das Alagoas;12,67159451;
Conceição do Pará;18,87148519;
Conceição dos Ouros;9,369436897;
Congonhas;10,03009027;
Congonhas do Norte;39,37783028;
Conselheiro Lafaiete;7,518357323;
Conselheiro Pena;13,12795379;
Contagem;39,19418055;
Coração de Jesus;3,738737055;
Corinto;16,28001628;
Coromandel;10,5999576;
Coronel Fabriciano;26,2817023;
Córrego Novo;62,24712107;
Couto de Magalhães de Minas;46,30701551;
Cristiano Otoni;38,88024883;
Curral de Dentro;28,15711671;
Curvelo;14,42547276;
Datas;18,67762421;
Delta;12,03224642;
Diamantina;12,72858416;
Diogo de Vasconcelos;25,29084471;
Divinésia;29,55956252;
Divino;10,17397497;
Divino das Laranjeiras;59,14826498;
Divinolândia de Minas;13,85617293;
Divinópolis;8,681467808;
Divisa Alegre;16,54259719;
Dores do Indaiá;14,12828483;
Durandé;26,22263013;
Elói Mendes;7,718431615;
Engenheiro Caldas;18,93580761;
Ervália;32,5414904;
Esmeraldas;40,37206899;
Espera Feliz;8,516799387;
Espinosa;15,64161922;
Estrela do Sul;13,07189542;
Ewbank da Câmara;25,93360996;
Extrema;6,806656911;
Felício dos Santos;18,92863903;
Felisburgo;70,76139258;
Ferros;17,96299623;
Fervedouro;9,404683532;
Formiga;4,48336671;
Formoso;11,90334484;
Francisco Dumont;20,01601281;
Francisco Sá;3,907013089;
Franciscópolis;16,78133915;
Frei Inocêncio;43,64429896;
Frei Lagonegro;29,23976608;
Fronteira;20,79578539;
Frutal;18,20366258;
Gameleiras;18,93939394;
Goiabeira;31,87759005;
Gonzaga;16,43925695;
Gouveia;16,66527789;
Governador Valadares;36,91126532;
Guanhães;12,45368785;
Guaxupé;15,7523727;
Guimarânia;13,39764202;
Guiricema;11,17818019;
Heliodora;15,90077914;
Iapu;28,30722778;
Ibiaí;24,83238143;
Ibiracatu;15,81277672;
Ibiraci;15,98721023;
Ibirité;41,63783655;
Ibitiúra de Minas;28,77697842;
Igarapé;53,0622504;
Igaratinga;31,51922673;
Ijaci;49,83388704;
Ilicínea;16,94484453;
Imbé de Minas;30,3030303;
Indaiabira;13,27844908;
Inhapim;4,006410256;
Inhaúma;67,59040216;
Ipaba;23,3018758;
Ipanema;10,71352046;
Ipatinga;23,980328;
Ipiaçu;23,69668246;
Ipuiúna;10,22285831;
Iraí de Minas;15,05117399;
Itabira;9,752291789;
Itabirinha de Mantena;27,30996814;
Itabirito;10,70778456;
Itacambira;19,51219512;
Itacarambi;27,46347358;
Itaipé;24,74839135;
Itajubá;8,588851671;
Itamarandiba;9,075233687;
Itambacuri;25,6038235;
Itamonte;6,9507194;
Itanhomi;8,209506609;
Itaobim;41,71108124;
Itapagipe;7,127583749;
Itapecerica;4,553112052;
Itatiaiuçu;9,803921569;
Itaú de Minas;13,02507327;
Itaúna;14,80519776;
Itinga;6,755843805;
Itueta;16,69449082;
Ituiutaba;18,02956849;
Itumirim;47,56619629;
Iturama;8,474336883;
Jaboticatubas;5,680527153;
Jaíba;8,693636258;
Janaúba;17,48379107;
Januária;13,3813078;
Japonvar;46,91531785;
Jeceaba;36,08154429;
Jenipapo de Minas;13,67801942;
Jequeri;22,72727273;
Jequitaí;48,63221885;
Jequitinhonha;8,066793046;
Joaíma;32,571168;
João Monlevade;13,22244113;
João Pinheiro;36,55835358;
Josenópolis;63,95224899;
Nova União;17,52234098;
Juatuba;17,53539959;
Juiz de Fora;11,31213188;
Juramento;23,66303833;
Ladainha;17,18213058;
Lagamar;25,6147541;
Lagoa da Prata;4,233252196;
Lagoa dos Patos;23,03616678;
Lagoa Formosa;11,3430127;
Lagoa Santa;5,559673833;
Lajinha;9,927036283;
Lambari;4,977600796;
Lassance;30,02101471;
Lavras;6,3339245;
Leandro Ferreira;30,3674461;
Leopoldina;5,710804843;
Limeira do Oeste;14,12628902;
Luisburgo;15,6128025;
Luislândia;15,20681265;
Machacalis;13,9528394;
Machado;17,61050592;
Malacacheta;20,7350578;
Mamonas;15,39882969;
Manga;29,47533897;
Manhuaçu;14,67782181;
Manhumirim;27,31245448;
Mantena;53,85222948;
Maravilhas;27,17760565;
Maria da Fé;6,846501438;
Mariana;16,15624888;
Marilac;23,06805075;
Mário Campos;22,13368747;
Martins Soares;27,13704206;
Materlândia;21,18195298;
Mateus Leme;24,45842068;
Matias Barbosa;7,244801855;
Matipó;16,55355074;
Matozinhos;25,79831451;
Medina;18,51594686;
Mendes Pimentel;15,37279016;
Mesquita;32,07698476;
Minas Novas;3,160756053;
Mirabela;22,3880597;
Miradouro;9,494872769;
Miravânia;42,78990158;
Monsenhor Paulo;11,92605844;
Montalvânia;12,27219734;
Monte Alegre de Minas;24,80527856;
Monte Azul;8,850732398;
Monte Carmelo;12,75862802;
Monte Santo de Minas;4,583791713;
Montes Claros;22,32142857;
Monte Sião;4,590525156;
Montezuma;26,07901943;
Morada Nova de Minas;11,79106237;
Muriaé;11,59106715;
Mutum;25,55490654;
Nanuque;30,98631835;
Naque;30,69838833;
Nazareno;12,23690651;
Nepomuceno;3,782291312;
Nova Belém;26,08242045;
Nova Era;16,6583375;
Nova Lima;9,613189296;
Nova Ponte;22,79115703;
Nova Porteirinha;26,31232733;
Nova Resende;6,330716637;
Nova Serrana;22,45113576;
Novo Cruzeiro;15,83882413;
Novo Oriente de Minas;56,48121999;
Oliveira;2,466212884;
Orizânia;13,36183859;
Ouro Branco;11,03905064;
Ouro Fino;6,166368626;
Ouro Preto;6,924440505;
Ouro Verde de Minas;32,35722375;
Padre Carvalho;33,36670003;
Padre Paraíso;20,65475576;
Paineiras;21,01723413;
Pains;12,14476561;
Papagaios;27,46498215;
Paracatu;28,72209648;
Pará de Minas;8,090240858;
Paraopeba;21,56845829;
Passa Tempo;11,87366421;
Passos;4,578544938;
Patos de Minas;16,84045076;
Patrocínio;33,04497657;
Paula Cândido;31,49606299;
Pavão;45,32577904;
Peçanha;28,19601872;
Pedra Azul;24,496795;
Pedra Bonita;29,17152859;
Pedra do Anta;28,92681516;
Pedra Dourada;44,42470013;
Pedras de Maria da Cruz;9,435742593;
Pedro Leopoldo;16,56973372;
Perdigão;10,92179991;
Perdizes;6,757213325;
Perdões;4,845430759;
Periquito;13,83317195;
Pescador;23,57934449;
Piedade de Caratinga;13,68925394;
Piedade de Ponte Nova;23,96357537;
Piedade do Rio Grande;20,66969822;
Pirajuba;41,80602007;
Piranga;16,944366;
Pirapora;3,647571629;
Pitangui;3,845414343;
Piumhi;12,21113045;
Planura;9,372949667;
Poço Fundo;6,098676587;
Poços de Caldas;6,385084443;
Pocrane;32,49566724;
Pompéu;26,75316858;
Ponte Nova;13,56760057;
Ponto dos Volantes;17,15854496;
Porteirinha;2,586719781;
Porto Firme;9,343174811;
Poté;43,48636392;
Pouso Alegre;2,980692564;
Prata;15,08864579;
Pratápolis;11,05094486;
Alto Jequitibá;11,70138076;
Raposos;12,68794011;
Raul Soares;16,3458788;
Resplendor;22,781638;
Riachinho;12,15509906;
Ribeirão das Neves;39,41624541;
Ribeirão Vermelho;25,43881964;
Rio Acima;10,70778456;
Rio Casca;13,70801919;
Rio Novo;33,51580829;
Rio Paranaíba;16,37867497;
Rio Pardo de Minas;6,689634412;
Rio Piracicaba;13,75799684;
Rio Pomba;22,75442289;
Rio Preto;18,39249586;
Rio Vermelho;21,39952921;
Rodeiro;14,17434444;
Rubelita;12,52348153;
Rubim;19,62515945;
Sabará;23,89541516;
Sabinópolis;12,3954137;
Sacramento;20,36576922;
Salinas;14,90609162;
Santa Bárbara;13,96648045;
Santa Bárbara do Leste;38,00836184;
Santa Bárbara do Monte Verde;34,91620112;
Santa Cruz de Minas;24,7494122;
Santa Cruz de Salinas;22,13368747;
Santa Efigênia de Minas;21,15954295;
Santa Helena de Minas;32,14917216;
Santa Juliana;25,75549451;
Santa Luzia;39,32721683;
Santa Margarida;19,45146859;
Santa Maria do Salto;36,83919691;
Santana do Manhuaçu;11,34172621;
Santana do Paraíso;17,84885589;
Santa Rita de Minas;14,86546752;
Santa Rita do Itueto;17,08525542;
Santa Rita do Sapucaí;2,578050478;
Santa Vitória;5,366246311;
Santo Antônio do Amparo;5,611357387;
Santo Antônio do Itambé;23,54048964;
Santo Antônio do Monte;3,747142804;
Santo Antônio do Retiro;27,98768542;
Santos Dumont;2,102916746;
São Domingos do Prata;11,2151629;
São Félix de Minas;28,77697842;
São Francisco;7,232749892;
São Francisco de Paula;15,01276085;
São Geraldo;18,96813354;
São Geraldo da Piedade;44,35573298;
São Geraldo do Baixio;83,7520938;
São Gonçalo do Abaeté;31,07520199;
São Gonçalo do Pará;18,72133296;
São Gonçalo do Rio Abaixo;19,91040319;
São Gonçalo do Sapucaí;12,21398909;
São Gotardo;9,176556956;
São João da Ponte;3,838329559;
São João das Missões;33,23363244;
São João del Rei;12,67500144;
São João do Manhuaçu;19,00057002;
São João do Manteninha;37,52345216;
São João do Paraíso;4,360908813;
São João Evangelista;6,257822278;
São Joaquim de Bicas;15,24564546;
São José da Lapa;24,57968735;
São José do Goiabal;17,26817475;
São Lourenço;2,336503189;
São Miguel do Anta;14,39884809;
São Pedro dos Ferros;11,64822365;
São Sebastião da Bela Vista;19,66955153;
São Sebastião do Maranhão;9,141603437;
São Sebastião do Paraíso;10,48500644;
São Sebastião do Rio Preto;60,35003018;
São Tiago;9,215740485;
São Thomé das Letras;14,62629808;
São Vicente de Minas;13,88888889;
Sarzedo;26,39318302;
Setubinha;26,82643298;
Senador Cortes;48,94762604;
Sericita;27,31121125;
Serra Azul de Minas;115,3136531;
Serra dos Aimorés;23,14011339;
Serra do Salitre;18,45358922;
Serro;9,343174811;
Sete Lagoas;20,90671515;
Silveirânia;44,40497336;
Silvianópolis;16,1498708;
Sobrália;16,69449082;
Taiobeiras;18,88871399;
Tarumirim;13,61933946;
Teófilo Otoni;16,61369546;
Timóteo;22,76239652;
Tiradentes;13,98210291;
Tocantins;24,60478563;
Tombos;20,41024594;
Três Corações;12,03852327;
Três Marias;13,74806668;
Três Pontas;1,807109168;
Tumiritinga;77,32755954;
Tupaciguara;24,14389763;
Ubá;14,38117791;
Ubaporanga;16,16814875;
Uberaba;15,45518818;
Uberlândia;22,39850977;
Unaí;27,60628419;
Urucânia;28,3741606;
Urucuia;14,30922229;
Vargem Alegre;15,06477855;
Vargem Grande do Rio Pardo;20,56343821;
Varginha;7,117100019;
Varjão de Minas;16,07717042;
Várzea da Palma;27,18056046;
Vazante;4,93485985;
Vespasiano;45,62680994;
Viçosa;17,52021563;
Mathias Lobato;28,88503755;
Virgínia;11,28795575;
Virginópolis;9,20640766;
Virgolândia;17,20282126;
Visconde do Rio Branco;17,9570058;
Wenceslau Braz;38,12428517;
Afonso Cláudio;42,80952818;
Águia Branca;9,987016878;
Água Doce do Norte;32,30756805;
Alegre;9,269558769;
Alfredo Chaves;6,812453164;
Alto Rio Novo;38,98128898;
Anchieta;23,86444992;
Aracruz;44,14703285;
Atilio Vivacqua;28,9547341;
Baixo Guandu;49,03723561;
Barra de São Francisco;25,72678158;
Boa Esperança;40,17408771;
Bom Jesus do Norte;10,03310926;
Brejetuba;23,93680683;
Cachoeiro de Itapemirim;22,52962646;
Cariacica;80,96525854;
Castelo;19,15237079;
Colatina;41,67162757;
Conceição da Barra;76,86138217;
Divino de São Lourenço;21,05263158;
Domingos Martins;14,92581868;
Ecoporanga;57,33944954;
Fundão;72,59325441;
Governador Lindenberg;17,49322138;
Guaçuí;17,067759;
Guarapari;58,69286475;
Ibatiba;38,25554705;
Ibitirama;10,61345786;
Iconha;7,591861524;
Irupi;32,43856946;
Itaguaçu;26,90522634;
Itapemirim;30,67955208;
Itarana;26,21231979;
Iúna;27,83092712;
Jaguaré;73,19516141;
João Neiva;42,09513501;
Linhares;53,1506923;
Mantenópolis;41,90529404;
Marataízes;36,20060706;
Marechal Floriano;33,32888948;
Marilândia;8,559445348;
Mimoso do Sul;18,35199119;
Montanha;15,97869507;
Mucurici;33,62474781;
Muniz Freire;25,83845796;
Muqui;13,20742257;
Nova Venécia;20,65347598;
Pancas;22,05947234;
Pedro Canário;103,8836503;
Pinheiros;31,82939445;
Piúma;20,98305618;
Ponto Belo;13,62212233;
Presidente Kennedy;27,65231819;
Rio Bananal;5,423287597;
Rio Novo do Sul;16,78979181;
Santa Leopoldina;15,53398058;
Santa Maria de Jetibá;11,12718371;
Santa Teresa;17,42539752;
São Domingos do Norte;11,88212928;
São Gabriel da Palha;26,85685297;
São José do Calçado;9,134088418;
São Mateus;58,42242026;
São Roque do Canaã;16,86625063;
Serra;84,32212445;
Sooretama;59,80861244;
Vargem Alta;34,78779445;
Venda Nova do Imigrante;4,649648952;
Viana;51,19054584;
Vila Pavão;21,92501644;
Vila Valério;41,24561765;
Vila Velha;51,82452125;
Vitória;46,40357772;
Angra dos Reis;38,73193977;
Araruama;31,08430953;
Armação dos Búzios;46,9229381;
Arraial do Cabo;7,178493234;
Barra do Piraí;10,49582266;
Barra Mansa;20,14008548;
Belford Roxo;45,57015685;
Bom Jardim;15,70721747;
Bom Jesus do Itabapoana;5,618450993;
Cabo Frio;48,60955311;
Cachoeiras de Macacu;9,164558818;
Carapebus;7,446570854;
Campos dos Goytacazes;41,83032334;
Cantagalo;35,11588241;
Cardoso Moreira;39,47576188;
Casimiro de Abreu;16,88571187;
Conceição de Macabu;23,44885804;
Cordeiro;9,738520719;
Duas Barras;18,20333121;
Duque de Caxias;55,72722281;
Guapimirim;23,1866136;
Iguaba Grande;34,8265204;
Itaboraí;52,47451564;
Itaguaí;56,53581361;
Itaocara;13,03271211;
Itaperuna;25,94841455;
Itatiaia;20,73684938;
Japeri;52,08658875;
Macaé;35,60859418;
Magé;32,82031534;
Mangaratiba;27,28661864;
Maricá;24,19398896;
Mendes;22,18647734;
Mesquita;46,6734806;
Miguel Pereira;8,07363152;
Miracema;18,52949896;
Nilópolis;39,80967185;
Niterói;33,25675439;
Nova Friburgo;17,482613;
Nova Iguaçu;41,7268416;
Paracambi;10,55475808;
Paraíba do Sul;33,89830508;
Parati;29,15451895;
Paty do Alferes;22,64321836;
Petrópolis;8,740289035;
Pinheiral;21,89333567;
Piraí;7,560864963;
Porciúncula;11,202599;
Porto Real;47,96450627;
Queimados;32,4471652;
Quissamã;4,91448791;
Resende;34,88401066;
Rio Bonito;7,162938954;
Rio Claro;22,83496032;
Rio das Flores;11,61980014;
Rio das Ostras;30,12275021;
Rio de Janeiro;29,38454102;
Santa Maria Madalena;48,19277108;
Santo Antônio de Pádua;4,901720504;
São Francisco de Itabapoana;36,08284621;
São Fidélis;7,949125596;
São Gonçalo;38,30902949;
São João da Barra;45,56639023;
São João de Meriti;38,17083618;
São Pedro da Aldeia;24,9046266;
São Sebastião do Alto;11,1831805;
Sapucaia;5,676335358;
Saquarema;18,76072041;
Seropédica;25,44626385;
Silva Jardim;18,63846046;
Sumidouro;6,676458806;
Tanguá;29,13187027;
Teresópolis;10,93513642;
Trajano de Morais;19,33674949;
Três Rios;7,708218245;
Valença;11,07711054;
Vassouras;8,672776156;
Volta Redonda;31,25494388;
Adamantina;2,873563218;
Aguaí;9,062896502;
Águas da Prata;12,80573697;
Águas de Lindóia;5,624929688;
Águas de Santa Bárbara;17,34003815;
Agudos;8,439055951;
Altair;25,45824847;
Altinópolis;6,222775358;
Álvares Machado;16,52141589;
Álvaro de Carvalho;62,6566416;
Americana;10,60450276;
Américo Brasiliense;8,450466184;
Amparo;5,901184663;
Andradina;28,08199944;
Angatuba;4,372731646;
Anhumas;25,98077423;
Aparecida;8,322698774;
Apiaí;3,855198736;
Araçariguama;17,05805424;
Araçatuba;18,71978093;
Araçoiaba da Serra;14,23031769;
Aramina;18,85014138;
Arandu;31,72085646;
Araraquara;7,912349782;
Araras;8,171937566;
Arealva;24,77086946;
Areiópolis;9,180207473;
Ariranha;22,72469038;
Artur Nogueira;13,19029195;
Arujá;18,15164402;
Assis;6,124511315;
Atibaia;16,87634244;
Auriflama;6,838542023;
Avanhandava;8,586639189;
Avaré;5,855143744;
Bady Bassitt;6,650704975;
Bananal;9,500285009;
Bariri;12,29596385;
Barra Bonita;2,755428194;
Barra do Turvo;75,3958281;
Barretos;9,529750147;
Barrinha;6,81616795;
Barueri;18,15299343;
Bastos;4,750142504;
Batatais;6,878525244;
Bauru;14,96566368;
Bebedouro;6,47148663;
Bertioga;12,23017183;
Birigui;8,038944219;
Biritiba-Mirim;6,797403392;
Boa Esperança do Sul;7,117437722;
Bocaina;35,7749754;
Bofete;20,19590023;
Boituva;8,040524242;
Bom Jesus dos Perdões;14,78342286;
Borborema;13,36898396;
Botucatu;4,576414684;
Bragança Paulista;9,265448481;
Brodowski;13,8038927;
Buri;5,231767291;
Buritama;12,59763165;
Cabrália Paulista;22,24694105;
Cabreúva;14,00592918;
Caçapava;9,167268269;
Cachoeira Paulista;6,454944488;
Caconde;5,238893546;
Cafelândia;11,69590643;
Caieiras;10,10135021;
Caiuá;19,27153594;
Cajamar;13,63285214;
Cajati;17,11508181;
Cajuru;8,310824849;
Campinas;15,01574405;
Campo Limpo Paulista;26,22194252;
Campos do Jordão;22,35454305;
Cananéia;15,88688538;
Cândido Mota;9,749439407;
Cândido Rodrigues;36,40334911;
Capão Bonito;10,51568941;
Capela do Alto;11,07910481;
Capivari;13,99496181;
Caraguatatuba;36,59722824;
Carapicuíba;10,51104711;
Casa Branca;10,29265448;
Castilho;21,57846469;
Catanduva;8,608222574;
Catiguá;13,62583458;
Cerquilho;12,25700488;
Colina;5,590652429;
Colômbia;32,404407;
Conchal;7,69882208;
Cordeirópolis;4,6070211;
Coroados;18,54255516;
Cosmópolis;21,46170736;
Cotia;20,76101179;
Cravinhos;3,0645705;
Cristais Paulista;12,79918085;
Cruzeiro;8,824456351;
Cubatão;22,08715427;
Cunha;17,76593382;
Descalvado;9,381449747;
Diadema;33,45516379;
Dobrada;36,69724771;
Dois Córregos;15,68873549;
Dracena;8,980288267;
Echaporã;15,37279016;
Eldorado;19,90049751;
Embu;27,08613796;
Embu-Guaçu;23,20831786;
Engenheiro Coelho;18,53224611;
Espírito Santo do Pinhal;6,952330189;
Estrela do Norte;36,53635367;
Euclides da Cunha Paulista;20,26547776;
Fartura;6,339144216;
Fernandópolis;15,01140867;
Ferraz de Vasconcelos;19,61904432;
Flora Rica;55,43237251;
Franca;5,181410319;
Francisco Morato;19,48999095;
Franco da Rocha;23,61466766;
Gália;41,55700235;
Garça;11,26278326;
General Salgado;18,20498817;
Getulina;9,022013714;
Guaiçara;27,30499681;
Guaimbê;17,9018976;
Guaíra;20,77166745;
Guapiara;32,37642996;
Guará;4,890693011;
Guaraçaí;46,05641911;
Guarantã;15,16530179;
Guararapes;15,87049675;
Guararema;15,031378;
Guaratinguetá;19,93102133;
Guariba;35,57842305;
Guarujá;18,37130069;
Guarulhos;21,14060729;
Guzolândia;61,28702758;
Holambra;8,59549596;
Hortolândia;16,6322262;
Iacanga;9,699321048;
Ibaté;15,79978512;
Ibirarema;14,44043321;
Ibitinga;14,61560947;
Ibiúna;20,45547525;
Igaraçu do Tietê;24,94283933;
Igarapava;6,948787437;
Igaratá;10,99747058;
Iguape;10,10203051;
Ilhabela;3,444356422;
Ilha Comprida;53,80393845;
Ilha Solteira;11,62430254;
Indaiatuba;13,48734598;
Indiana;20,12882448;
Ipaussu;14,21666193;
Iperó;17,15854496;
Ipeúna;48,42615012;
Ipiguá;21,76278564;
Ipuã;20,59308072;
Iracemápolis;4,84895505;
Irapuã;13,34935256;
Irapuru;12,46882793;
Itaberá;16,31498804;
Itaí;12,13592233;
Itajobi;6,67200427;
Itanhaém;22,31146809;
Itapecerica da Serra;32,45451595;
Itapetininga;12,78067025;
Itapeva;11,06721117;
Itapevi;21,76783874;
Itapira;7,08506327;
Itapirapuã Paulista;25,03128911;
Itápolis;7,274490786;
Itaquaquecetuba;28,67327259;
Itararé;4,052192236;
Itariri;12,55492781;
Itatiba;11,48523191;
Itu;10,08058165;
Itupeva;17,31976618;
Ituverava;12,54925583;
Jaboticabal;12,19693992;
Jacareí;16,55309405;
Jacupiranga;5,643659349;
Jaguariúna;10,95866392;
Jales;8,263267709;
Jandira;12,54941331;
Jardinópolis;5,157430568;
Jarinu;12,21747098;
Jaú;9,634696766;
João Ramalho;23,40276153;
José Bonifácio;8,892841263;
Júlio Mesquita;21,92501644;
Jundiaí;5,772611582;
Junqueirópolis;15,55855202;
Juquiá;10,09234496;
Juquitiba;84,4880027;
Lagoinha;100,3009027;
Laranjal Paulista;23,07692308;
Lavínia;22,12389381;
Lavrinhas;14,73622163;
Leme;11,64279893;
Lençóis Paulista;4,743008016;
Limeira;7,740673368;
Lins;13,59582336;
Lorena;15,29663709;
Luiziânia;19,30874686;
Macatuba;11,94600406;
Mairinque;24,71576866;
Mairiporã;10,79680415;
Manduri;10,80030241;
Maracaí;14,56876457;
Marília;6,721122696;
Martinópolis;16,03977865;
Matão;10,11825713;
Mauá;16,06739925;
Miguelópolis;14,24636718;
Mineiros do Tietê;8,067769262;
Miracatu;4,716313729;
Mirandópolis;7,06738754;
Mirante do Paranapanema;17,0794193;
Mirassol;12,63811656;
Mococa;2,930102407;
Moji das Cruzes;8,765624726;
Mogi Guaçu;9,906735165;
Moji-Mirim;5,613436321;
Mongaguá;23,0767617;
Monte Alto;2,082205472;
Monte Aprazível;13,39824036;
Monte Azul Paulista;20,52018673;
Monte Castelo;23,90057361;
Monte Mor;31,74477203;
Morro Agudo;3,335557038;
Morungaba;24,75656049;
Murutinga do Sul;23,20185615;
Nantes;71,76175099;
Natividade da Serra;14,54333915;
Nazaré Paulista;23,66723862;
Nhandeara;27,16653083;
Nova Granada;10,12709504;
Nova Odessa;5,685802551;
Novo Horizonte;13,26999124;
Olímpia;7,76563319;
Oriente;15,92863969;
Orlândia;9,765148186;
Osasco;19,37290066;
Osvaldo Cruz;3,14129547;
Ourinhos;8,483123298;
Ouro Verde;12,45174947;
Pacaembu;7,343222206;
Palestina;8,788118464;
Palmares Paulista;8,882572393;
Palmeira d'Oeste;10,13376571;
Palmital;13,7520055;
Panorama;19,9786894;
Paraguaçu Paulista;18,37686353;
Paraibuna;5,585344057;
Paranapanema;5,453752182;
Pardinho;17,3973556;
Pariquera-Açu;10,53019534;
Paulicéia;15,32097441;
Paulínia;8,275796841;
Pedregulho;6,185822096;
Pedreira;11,68470005;
Pedrinhas Paulista;33,03600925;
Penápolis;16,59861236;
Pereira Barreto;15,56238571;
Peruíbe;27,62116756;
Piedade;7,450176942;
Pilar do Sul;11,03346819;
Pindamonhangaba;11,8924133;
Pindorama;19,37358734;
Pinhalzinho;7,410701052;
Piquete;13,76841526;
Piracaia;7,733652991;
Piracicaba;16,24976691;
Piraju;3,410641201;
Pirangi;9,142439203;
Pirapora do Bom Jesus;18,51851852;
Pirapozinho;15,73130924;
Pirassununga;4,157370325;
Pitangueiras;11,00261312;
Poá;13,74142306;
Pongaí;27,90178571;
Pontal;16,89270718;
Populina;22,99908004;
Porangaba;11,66452817;
Porto Feliz;5,959002066;
Porto Ferreira;7,557864903;
Potim;25,03379562;
Potirendaba;6,286540517;
Pradópolis;16,7663332;
Praia Grande;17,41850364;
Pratânia;21,11932418;
Presidente Bernardes;7,156659272;
Presidente Epitácio;11,75253855;
Presidente Prudente;21,05056345;
Presidente Venceslau;12,80901755;
Promissão;10,88939101;
Quatá;7,587829122;
Queluz;8,587376557;
Rafard;11,27649977;
Rancharia;13,48663138;
Regente Feijó;15,7538203;
Reginópolis;13,26259947;
Registro;12,52886113;
Ribeirão Branco;10,63207698;
Ribeirão Pires;18,03767297;
Ribeirão Preto;10,43965398;
Riversul;47,27387331;
Rifaina;28,26455625;
Rio Claro;12,51433935;
Rio das Pedras;9,876218067;
Rio Grande da Serra;8,834117361;
Rosana;24,66091245;
Roseira;10,11736139;
Sabino;37,23008191;
Sales;53,44735436;
Salesópolis;18,63469781;
Saltinho;13,75894331;
Salto;11,96535569;
Salto de Pirapora;12,09979914;
Salto Grande;33,15649867;
Sandovalina;26,25360987;
Santa Adélia;6,775985906;
Santa Bárbara d'Oeste;10,79033833;
Santa Cruz da Conceição;24,26595487;
Santa Cruz da Esperança;49,72650423;
Santa Cruz das Palmeiras;19,467878;
Santa Cruz do Rio Pardo;8,844861136;
Santa Ernestina;17,44287459;
Santa Fé do Sul;3,321486697;
Santa Gertrudes;22,44568145;
Santa Isabel;9,624639076;
Santa Maria da Serra;17,94043775;
Santana de Parnaíba;12,49531426;
Santa Rita do Passa Quatro;3,667840376;
Santa Rosa de Viterbo;8,14000814;
Santo Anastácio;9,486315989;
Santo André;14,50149322;
Santo Antônio da Alegria;15,4059467;
Santo Antônio de Posse;28,21803132;
Santópolis do Aguapeí;22,70663034;
Santos;11,80976552;
São Bernardo do Campo;8,881231294;
São Caetano do Sul;6,506477198;
São Carlos;5,2507909;
São João da Boa Vista;3,48347093;
São Joaquim da Barra;10,44015702;
São José da Bela Vista;11,55401502;
São José do Barreiro;23,82086708;
São José do Rio Pardo;3,74251497;
São José do Rio Preto;10,70477885;
São José dos Campos;10,02136864;
São Lourenço da Serra;27,80094523;
São Manuel;12,66464032;
São Miguel Arcanjo;3,088040021;
São Paulo;14,70554857;
São Pedro;6,13459297;
São Roque;8,624938393;
São Sebastião;24,95534307;
São Sebastião da Grama;8,026970621;
São Simão;6,76956404;
São Vicente;19,57284458;
Sarutaiá;53,63368195;
Serra Azul;25,88438309;
Serrana;17,48601119;
Serra Negra;3,680529996;
Sertãozinho;10,58751908;
Severínia;12,5305432;
Sorocaba;14,89982352;
Sumaré;17,70823272;
Suzano;17,76008347;
Suzanápolis;28,71088142;
Tabapuã;8,547008547;
Tabatinga;13,22576379;
Taboão da Serra;19,85821236;
Taguaí;26,90824289;
Tanabi;8,074609391;
Tapiraí;24,24242424;
Taquaritinga;1,798884692;
Tarumã;7,537499058;
Tatuí;13,57330944;
Taubaté;19,86367248;
Tejupá;20,19386107;
Teodoro Sampaio;36,32895872;
Terra Roxa;11,41943588;
Tietê;5,273149125;
Torrinha;10,40907671;
Tremembé;16,58767773;
Tupã;6,11995104;
Tupi Paulista;13,61285053;
Ubatuba;19,71924722;
Ubirajara;43,87889425;
Uchoa;10,25430681;
Valinhos;2,728215202;
Valparaíso;21,50907683;
Vargem;22,07018318;
Vargem Grande do Sul;4,946699315;
Vargem Grande Paulista;13,55227791;
Várzea Paulista;17,23090317;
Vinhedo;6,106963465;
Viradouro;16,8444694;
Votorantim;10,71065174;
Votuporanga;8,027062668;
Abatiá;12,53918495;
Adrianópolis;15,26717557;
Agudos do Sul;11,77163037;
Almirante Tamandaré;89,60996085;
Altamira do Paraná;67,82726656;
Altônia;52,1945433;
Alto Paraná;7,125044532;
Alvorada do Sul;9,467007479;
Ampére;28,12306654;
Andirá;28,34065467;
Antonina;30,91986601;
Apucarana;18,51672946;
Arapongas;16,82463126;
Arapoti;30,12161602;
Arapuã;27,33734281;
Araruna;14,50957632;
Araucária;66,1943171;
Assaí;29,76367641;
Assis Chateaubriand;8,843296781;
Atalaia;24,87562189;
Balsa Nova;51,6884907;
Bandeirantes;24,1984271;
Barbosa Ferraz;15,38343204;
Barracão;10;
Bela Vista do Paraíso;6,455777921;
Bituruna;24,52182442;
Boa Vista da Aparecida;61,53088851;
Bom Jesus do Sul;25,64760195;
Cafelândia;6,639665361;
Cafezal do Sul;90,76469253;
Califórnia;12,06418145;
Cambará;20,37821976;
Cambé;24,15288778;
Cambira;26,90703619;
Campina da Lagoa;25,29564283;
Campina do Simão;23,88344877;
Campina Grande do Sul;92,90646579;
Campo Bonito;22,08968412;
Campo Largo;36,3834819;
Campo Magro;62,69592476;
Campo Mourão;52,47351204;
Cândido de Abreu;11,68975393;
Candói;32,4865181;
Cantagalo;37,5798572;
Capanema;5,254584625;
Capitão Leônidas Marques;26,01118481;
Carambeí;20,32004064;
Carlópolis;7,102777186;
Cascavel;42,85728863;
Castro;15,96261845;
Catanduvas;38,16793893;
Centenário do Sul;17,39886907;
Cerro Azul;28,73728375;
Céu Azul;17,64913519;
Chopinzinho;24,73410834;
Cianorte;15,30690341;
Cidade Gaúcha;35,20197131;
Colombo;69,93742201;
Colorado;8,713078331;
Contenda;12,25189904;
Corbélia;35,80806875;
Cornélio Procópio;24,89316683;
Coronel Domingos Soares;13,44989913;
Coronel Vivida;35,80860302;
Cruzeiro do Iguaçu;45,50625711;
Cruzeiro do Oeste;14,30478734;
Cruz Machado;10,7927257;
Cruzmaltina;30,78817734;
Curitiba;42,4534776;
Curiúva;48,94420361;
Diamante do Norte;35,29827038;
Diamante do Sul;27,73155851;
Dois Vizinhos;10,76310408;
Douradina;13,07531381;
Enéas Marques;31,90301483;
Engenheiro Beltrão;7,000350018;
Espigão Alto do Iguaçu;20,81598668;
Farol;28,03476311;
Faxinal;35,8037952;
Fazenda Rio Grande;58,40355666;
Fênix;40,54327995;
Flor da Serra do Sul;20,59732235;
Florestópolis;78,07078418;
Formosa do Oeste;12,90988898;
Foz do Iguaçu;65,38382587;
Francisco Beltrão;9,86521648;
Foz do Jordão;17,95977011;
General Carneiro;28,48799943;
Goioerê;33,54804079;
Goioxim;51,90086934;
Grandes Rios;14,69507715;
Guaíra;91,94673431;
Guaporema;43,87889425;
Guaraci;37,25088471;
Guaraniaçu;20,02803926;
Guarapuava;25,0167263;
Guaratuba;72,79565653;
Ibaiti;23,70149658;
Ibema;32,09757663;
Ibiporã;20,19753186;
Icaraíma;11,01321586;
Iguaraçu;24,44987775;
Imbaú;34,53933166;
Imbituva;30,79028395;
Inácio Martins;26,68801708;
Inajá;32,58390355;
Indianópolis;22,64492754;
Iporã;45,48703619;
Iracema do Oeste;75,52870091;
Irati;13,85569296;
Iretama;9,165062781;
Itambaracá;43,20898747;
Itambé;16,28134158;
Itapejara d'Oeste;18,48770568;
Itaperuçu;32,60249409;
Ivaí;15,19295047;
Ivaiporã;18,35872958;
Ivaté;12,95504599;
Jacarezinho;7,465286418;
Jaguapitã;47,77830865;
Jaguariaíva;23,8848749;
Jandaia do Sul;19,21137313;
Janiópolis;29,80625931;
Japira;19,85308716;
Jardim Alegre;15,79778831;
Jataizinho;24,59419577;
Jussara;14,7275405;
Kaloré;21,602938;
Lapa;25,99878672;
Laranjal;45,92071024;
Laranjeiras do Sul;41,11972165;
Lindoeste;18,1587071;
Loanda;22,9589494;
Londrina;23,246878;
Luiziana;26,61698163;
Mallet;15,00825454;
Mamborê;13,94602887;
Mandaguaçu;14,76377953;
Mandaguari;11,92356992;
Mandirituba;35,04928806;
Manfrinópolis;62,26650062;
Mangueirinha;22,84148013;
Manoel Ribas;29,56830278;
Marechal Cândido Rondon;37,42670603;
Maria Helena;65,38084341;
Marialva;12,1843492;
Marilândia do Sul;21,96836555;
Marilena;28,38892832;
Mariluz;28,56598743;
Maringá;9,814586111;
Mariópolis;31,06072371;
Marquinho;39,0854016;
Matelândia;54,49261322;
Matinhos;36,38889808;
Mato Rico;25,49719531;
Mauá da Serra;22,75830678;
Medianeira;20,95167148;
Missal;18,58908821;
Morretes;30,96742227;
Munhoz de Melo;26,51113468;
Nova Aurora;49,2247108;
Nova Cantu;13,11131506;
Nova Esperança;25,60351134;
Nova Fátima;11,94885888;
Nova Laranjeiras;34,6410323;
Nova Londrina;7,449899426;
Nova Santa Bárbara;24,91280518;
Nova Santa Rosa;25,52974215;
Nova Prata do Iguaçu;18,76172608;
Nova Tebas;26,31925253;
Ortigueira;33,30973893;
Ouro Verde do Oeste;68,41115102;
Paiçandu;24,3803332;
Palmas;24,96822226;
Palmeira;12,12194678;
Palmital;19,64636542;
Palotina;27,15177844;
Paraíso do Norte;16,53849334;
Paranacity;28,49273435;
Paranaguá;27,02815086;
Paranavaí;26,24922445;
Pato Bragado;20,18978397;
Pato Branco;8,070916453;
Peabiru;42,87245445;
Perobal;51,6617875;
Pérola;9,53652489;
Piên;17,32801941;
Pinhais;94,01467627;
Pinhalão;15,6641604;
Pinhão;22,55808707;
Piraí do Sul;16,62372205;
Piraquara;107,5774192;
Pitanga;17,8960241;
Planaltina do Paraná;23,7699073;
Planalto;14,25923285;
Ponta Grossa;21,55596585;
Pontal do Paraná;65,1465798;
Porecatu;27,44425386;
Porto Amazonas;43,13133491;
Porto Rico;76,95267411;
Prado Ferreira;28,3446712;
Presidente Castelo Branco;20,35002035;
Prudentópolis;5,985515054;
Quatro Barras;44,13495488;
Quatro Pontes;25,59508574;
Quedas do Iguaçu;22,26604746;
Querência do Norte;49,80079681;
Quitandinha;22,78682921;
Ramilândia;141,276195;
Rebouças;27,46875429;
Renascença;28,57959417;
Reserva;23,20365071;
Reserva do Iguaçu;26,64535039;
Ribeirão Claro;9,116601331;
Ribeirão do Pinhal;7,198387561;
Rio Azul;6,907508462;
Rio Bonito do Iguaçu;42,75636001;
Rio Branco do Sul;53,99396538;
Rio Negro;9,338230717;
Rolândia;47,10791076;
Roncador;25,31431947;
Santa Amélia;25,59508574;
Santa Cruz de Monte Castelo;24,06159769;
Santa Fé;9,331840239;
Santa Helena;49,8939753;
Santa Isabel do Ivaí;22,22469163;
Santa Lúcia;24,8015873;
Santa Maria do Oeste;16,9305003;
Santa Mariana;7,82840144;
Santa Tereza do Oeste;9,422406483;
Santa Terezinha de Itaipu;70,06399178;
Santo Antônio da Platina;9,117848188;
Santo Antônio do Sudoeste;15,45754328;
Santo Inácio;18,4774575;
São Carlos do Ivaí;15,32097441;
São Jerônimo da Serra;17,17327838;
São João;9,184423218;
São João do Caiuá;16,46903821;
São João do Ivaí;50,67995608;
São João do Triunfo;14,20757264;
São Jorge d'Oeste;10,71581655;
São José da Boa Vista;14,95215311;
São José das Palmeiras;50,83884087;
São José dos Pinhais;61,53165933;
São Mateus do Sul;14,15728746;
São Miguel do Iguaçu;52,88806619;
São Pedro do Iguaçu;44,9910018;
São Sebastião da Amoreira;11,28540797;
São Tomé;18,19836215;
Sapopema;14,45295563;
Sarandi;51,70205516;
Saudade do Iguaçu;19,36108422;
Sengés;10,57361882;
Sertaneja;16,73640167;
Sertanópolis;24,90039841;
Siqueira Campos;5,275096271;
Sulina;114,7446931;
Tamarana;31,75611305;
Tamboara;104,3623461;
Tapejara;6,668444919;
Teixeira Soares;18,93401496;
Telêmaco Borba;36,22431209;
Terra Boa;6,170554116;
Terra Rica;19,18649271;
Terra Roxa;11,6177752;
Tibagi;15,09737809;
Tijucas do Sul;13,3931561;
Toledo;21,21375304;
Três Barras do Paraná;16,46632636;
Tunas do Paraná;31,12356054;
Tuneiras do Oeste;22,3914017;
Tupãssi;12,17285453;
Ubiratã;4,51569203;
Umuarama;39,64493608;
União da Vitória;31,38210482;
Uraí;8,486082824;
Wenceslau Braz;25,22195319;
Ventania;9,777082519;
Vera Cruz do Oeste;10,8495172;
Vila Alta;30,3674461;
Doutor Ulysses;50,99439062;
Virmond;24,64268112;
Xambrê;16,19170984;
Abelardo Luz;28,76538948;
Agronômica;20,06018054;
Água Doce;42,39683437;
Águas Mornas;17,73364072;
Alfredo Wagner;10,45478306;
Angelina;18,73711823;
Antônio Carlos;26,38174383;
Apiúna;10,24800164;
Araquari;19,82632142;
Araranguá;8,023106547;
Armazém;12,68874508;
Balneário Arroio do Silva;51,3136289;
Balneário Camboriú;18,20333121;
Balneário Barra do Sul;35,00991948;
Bandeirante;33,85240352;
Barra Velha;4,394638541;
Benedito Novo;9,518370455;
Biguaçu;25,35282684;
Blumenau;10,82444031;
Bombinhas;6,882786152;
Bom Jesus;38,94080997;
Bom Retiro;11,00231049;
Braço do Norte;6,780580418;
Brunópolis;34,51846738;
Brusque;3,729881949;
Caçador;13,90279168;
Camboriú;34,70633706;
Capão Alto;35,73981415;
Campo Alegre;16,74761347;
Campo Erê;20,99958001;
Campos Novos;29,97152705;
Canelinha;9,278159213;
Canoinhas;11,18672509;
Capinzal;9,473734072;
Capivari de Baixo;4,539058599;
Catanduvas;30,88962109;
Chapecó;16,61708343;
Cocal do Sul;25,95885521;
Concórdia;8,601903888;
Coronel Freitas;9,632983335;
Coronel Martins;80,03201281;
Correia Pinto;19,96140794;
Criciúma;8,696675312;
Curitibanos;10,42481105;
Descanso;22,78942571;
Dionísio Cerqueira;6,642311524;
Faxinal dos Guedes;9,227646028;
Florianópolis;21,71968527;
Forquilhinha;4,363001745;
Fraiburgo;17,08330961;
Galvão;28,33663927;
Garopaba;10,8477518;
Garuva;6,664889363;
Gaspar;10,18036208;
Guaraciaba;9,371192953;
Herval d'Oeste;9,263977025;
Ibirama;5,676657584;
Içara;8,360784576;
Ilhota;7,96241739;
Imbituba;9,796238245;
Indaial;7,17385846;
Iomerê;35,91954023;
Ipuaçu;14,47178003;
Irani;20,64409579;
Irati;46,92632567;
Irineópolis;9,416195857;
Itaiópolis;9,691800737;
Itajaí;29,50722927;
Itapema;25,77762502;
Itapoá;6,664001066;
Jacinto Machado;18,54599407;
Jaraguá do Sul;8,248443106;
Joaçaba;10,9229929;
Joinville;16,03723694;
Lages;14,43726069;
Laguna;19,07960009;
Lauro Muller;13,69487812;
Lebon Régis;16,62095903;
Mafra;18,59289008;
Major Vieira;13,15443304;
Maravilha;4,451368796;
Massaranduba;6,704210244;
Matos Costa;69,3000693;
Modelo;48,6381323;
Mondaí;9,615384615;
Morro da Fumaça;6,100536847;
Navegantes;34,11638561;
Nova Itaberaba;23,05741296;
Nova Trento;8,070373658;
Orleans;9,197093718;
Palhoça;14,32695545;
Palma Sola;12,66945395;
Palmitos;12,2819946;
Papanduva;10,9751413;
Paulo Lopes;14,70155837;
Penha;15,65251419;
Petrolândia;16,04621309;
Pinhalzinho;6,02373351;
Pinheiro Preto;31,25976868;
Ponte Serrada;8,918219923;
Porto Belo;12,23391241;
Porto União;11,74915553;
Quilombo;9,59969281;
Rio do Campo;15,88814744;
Rio do Oeste;27,75079784;
Rio do Sul;4,822608388;
Rio Fortuna;44,25757911;
Rio Negrinho;7,406858751;
Rodeio;18,01477211;
Romelândia;17,72421127;
Saltinho;49,67709886;
Sangão;9,459842967;
Santa Cecília;31,21683212;
Santa Terezinha;22,44417013;
São Bernardino;36,75119441;
São Bento do Sul;14,46721204;
São Carlos;9,559315553;
São Cristovão do Sul;19,62708538;
São Francisco do Sul;18,50952083;
São João Batista;7,492601057;
São João do Itaperiú;28,63688431;
São Joaquim;11,89484953;
São José;15,0050173;
São José do Cedro;14,37814522;
São Lourenço do Oeste;9,028937746;
São Miguel do Oeste;13,54866681;
Saudades;10,91107474;
Schroeder;6,423432682;
Seara;5,808887598;
Siderópolis;7,568876779;
Sul Brasil;35,56187767;
Taió;5,6999544;
Tangará;11,34172621;
Tijucas;3,177629488;
Timbé do Sul;18,53568119;
Timbó;10,70090958;
Três Barras;32,55914912;
Tubarão;17,1998624;
Urubici;9,195402299;
Vidal Ramos;46,91898655;
Videira;6,254430221;
Xanxerê;6,68821759;
Xaxim;26,78195661;
Agudo;5,803830528;
Alegrete;8,748469018;
Alegria;45,12635379;
Alpestre;60,45218232;
Alvorada;54,06156074;
Amaral Ferrador;15,27650474;
Ametista do Sul;39,75616221;
Anta Gorda;15,97954618;
Antônio Prado;7,562580352;
Arroio do Meio;10,33378113;
Arroio do Sal;12,53918495;
Arroio dos Ratos;7,132667618;
Arroio Grande;10,50916925;
Arvorezinha;18,98253607;
Bagé;9,971332419;
Balneário Pinhal;17,87949222;
Barão do Triunfo;27,65869174;
Barra do Ribeiro;7,719623282;
Barros Cassal;34,87054311;
Bento Gonçalves;15,37918744;
Bom Jesus;16,85061926;
Bom Princípio;8,232485387;
Bom Progresso;41,68403501;
Braga;26,21231979;
Butiá;9,512032721;
Caçapava do Sul;2,880682146;
Cacequi;7,096224808;
Cachoeira do Sul;11,57742402;
Cachoeirinha;17,23091061;
Caiçara;38,27751196;
Camaquã;10,82384958;
Campo Bom;14,53957997;
Campos Borges;27,77777778;
Candelária;22,51672671;
Cândido Godói;14,85001485;
Canela;17,31730246;
Canguçu;7,288895368;
Canoas;37,16224316;
Capão da Canoa;34,62763747;
Capão do Leão;7,988177497;
Carazinho;19,63350785;
Caraá;13,27316167;
Caseiros;32,27888961;
Catuípe;10,41016032;
Caxias do Sul;28,29736745;
Cerrito;15,15840534;
Cerro Branco;21,79123992;
Cerro Grande;40,16064257;
Cerro Grande do Sul;9,451795841;
Chapada;20,69964811;
Charqueadas;8,243116997;
Cidreira;7,661074083;
Ciríaco;39,43217666;
Constantina;9,952229299;
Coronel Bicaco;25,0501002;
Crissiumal;6,890848953;
Cristal;13,33155579;
Cristal do Sul;34,34065934;
Cruz Alta;29,35224236;
Derrubadas;30,422878;
Dois Irmãos;7,039774727;
Dom Pedro de Alcântara;76,10350076;
Dom Pedrito;27,44442504;
Dona Francisca;28,53881279;
Eldorado do Sul;19,78127561;
Encantado;4,731711933;
Encruzilhada do Sul;23,73417722;
Entre Rios do Sul;31,50598614;
Erechim;17,17032967;
Ernestina;31,42677561;
Herval;14,37194596;
Erval Grande;18,79699248;
Erval Seco;24,63964519;
Estância Velha;6,838697912;
Esteio;30,04446581;
Estrela Velha;53,50454789;
Farroupilha;13,72578923;
Faxinal do Soturno;14,54545455;
Fazenda Vilanova;26,25360987;
Flores da Cunha;10,73306858;
Floriano Peixoto;48,1000481;
Fontoura Xavier;45,26935265;
Frederico Westphalen;20,1884253;
Garibaldi;3,162355322;
Gaurama;16,55629139;
General Câmara;11,48897059;
Giruá;5,683755826;
Glorinha;14,08450704;
Gramado;6,014314068;
Gramado dos Loureiros;85,54319932;
Gramado Xavier;24,44390125;
Gravataí;17,46181178;
Guaíba;42,81432853;
Guaporé;12,76161307;
Horizontina;5,28932614;
Hulha Negra;16,05909748;
Humaitá;39,45551391;
Ibiaçá;20,60581084;
Ibirapuitã;23,90057361;
Ibirubá;10,0517666;
Igrejinha;18,39249586;
Ijuí;11,06820474;
Imbé;21,96957214;
Inhacorá;42,80821918;
Iraí;36,04036521;
Itacurubi;28,20078962;
Itapuca;41,40786749;
Itaqui;10,17319871;
Itatiba do Sul;46,53327129;
Jacuizinho;38,71467286;
Jacutinga;26,71653754;
Jaguarão;6,949270327;
Jari;27,14440825;
Jóia;11,64958062;
Júlio de Castilhos;14,87062556;
Lagoão;15,69119724;
Lagoa Vermelha;28,20675552;
Lajeado;10,86705516;
Lavras do Sul;12,63902932;
Liberato Salzano;16,78979181;
Machadinho;17,61183515;
Maquiné;42,16444132;
Marau;10,67549174;
Mariana Pimentel;25,75328354;
Marques de Souza;23,85496183;
Mato Castelhano;78,58546169;
Maximiliano de Almeida;19,76284585;
Miraguaí;19,9880072;
Monte Alegre dos Campos;62,57822278;
Montenegro;13,06741151;
Mostardas;8,00448251;
Muçum;40,51043144;
Não-Me-Toque;6,090133983;
Nonoai;32,15175629;
Nova Alvorada;30,49710278;
Nova Hartz;5,289885739;
Nova Santa Rita;4,272226257;
Novo Cabrais;75,52870091;
Novo Hamburgo;25,18236909;
Novo Machado;24,72799209;
Novo Tiradentes;42,62574595;
Novo Barreiro;24,39619419;
Osório;14,23487544;
Palmares do Sul;35,39196602;
Palmeira das Missões;22,61675902;
Palmitinho;14,02524544;
Panambi;2,550044626;
Parobé;3,768749529;
Passo Fundo;30,454987;
Paverama;12,06418145;
Pedras Altas;43,87889425;
Pelotas;10,6428582;
Pinhal;38,62495172;
Pinhal Grande;21,70609941;
Pinheiro Machado;7,593591009;
Planalto;55,33013648;
Pontão;25,16356316;
Portão;18,83239171;
Porto Alegre;32,0893102;
Porto Lucena;17,92757261;
Putinga;23,43566909;
Quaraí;16,8626955;
Redentora;9,493971328;
Rio Grande;12,79376452;
Rio Pardo;7,745133475;
Riozinho;22,41147468;
Rodeio Bonito;16,89760054;
Rolante;4,980823828;
Rondinha;70,34822371;
Rosário do Sul;14,66490688;
Sagrada Família;37,39715782;
Salto do Jacuí;8,169267217;
Santa Bárbara do Sul;32,9779048;
Santa Cruz do Sul;8,198535742;
Santa Maria;12,64100295;
Santana da Boa Vista;47,0976098;
Santana do Livramento;12,9455932;
Santa Rosa;7,074937741;
Santa Vitória do Palmar;21,92158336;
Santiago;5,933192255;
Santo Ângelo;10,17889406;
Santo Antônio da Patrulha;2,44552591;
Santo Antônio das Missões;60,60081378;
Santo Cristo;6,749915626;
São Borja;9,441979039;
São Francisco de Assis;5,040576642;
São Francisco de Paula;18,90269836;
São Gabriel;11,24281263;
São Jerônimo;4,384618757;
São Jorge;34,98950315;
São José do Norte;7,610929295;
São José do Ouro;14,05678943;
São Leopoldo;40,79874884;
São Lourenço do Sul;6,753410472;
São Luiz Gonzaga;28,08436543;
São Martinho da Serra;30,32140691;
São Miguel das Missões;26,15404734;
São Pedro do Sul;5,929088106;
São Sebastião do Caí;4,424974556;
São Valentim;26,72367718;
São Vendelino;49,92511233;
Sapiranga;7,765482431;
Sapucaia do Sul;34,83081119;
Sarandi;9,119095386;
Seberi;26,71891699;
Segredo;13,55748373;
Serafina Corrêa;6,809206047;
Sobradinho;13,58972617;
Soledade;12,92114869;
Tabaí;23,49072117;
Tapes;5,83600817;
Taquara;8,88036374;
Taquari;7,439092431;
Taquaruçu do Sul;32,72251309;
Tenente Portela;28,29654782;
Terra de Areia;19,65022598;
Teutônia;7,117184442;
Torres;14,0016802;
Tramandaí;28,00532101;
Três Coroas;4,069507183;
Três de Maio;4,09048145;
Três Forquilhas;66,6000666;
Três Palmeiras;22,15330084;
Três Passos;8,099133393;
Trindade do Sul;67,08032869;
Triunfo;11,28795575;
Tupanci do Sul;61,69031462;
Tupanciretã;17,42312048;
Tuparendi;11,34172621;
Uruguaiana;12,37930181;
Vacaria;25,31365197;
Venâncio Aires;11,7731895;
Vera Cruz;4,046617028;
Veranópolis;12,76432796;
Viamão;32,43317752;
Vicente Dutra;36,72420125;
Victor Graeff;31,96930946;
Vista Gaúcha;35,17411185;
Vitória das Missões;27,84739627;
Xangri-lá;7,805182641;
Água Clara;40,97521;
Alcinópolis;43,12203536;
Amambaí;51,05224346;
Anastácio;16,53097491;
Angélica;42,89544236;
Antônio João;48,00192008;
Aparecida do Taboado;35,3060594;
Aquidauana;10,79750362;
Aral Moreira;38,4356683;
Bandeirantes;14,90535102;
Bataguassu;19,85998709;
Batayporã;27,02215817;
Bodoquena;24,67308167;
Bonito;5,028916269;
Brasilândia;16,6583375;
Caarapó;57,3416415;
Camapuã;28,91844997;
Campo Grande;23,03573418;
Caracol;18,24817518;
Cassilândia;18,79257693;
Chapadão do Sul;15,03985562;
Corguinho;40,51863857;
Coronel Sapucaia;84,04538451;
Corumbá;22,79635258;
Coxim;6,125949522;
Deodápolis;8,114248621;
Dourados;39,69550034;
Eldorado;25,26954178;
Fátima do Sul;10,34982405;
Glória de Dourados;9,922603691;
Guia Lopes da Laguna;38,00836184;
Iguatemi;46,35454606;
Inocência;12,84356537;
Itaporã;9,441979039;
Itaquiraí;68,79398846;
Ivinhema;13,22693003;
Japorã;38,22142948;
Jaraguari;15,5351872;
Jardim;8,09192426;
Juti;16,69449082;
Ladário;10,0426814;
Laguna Carapã;15,17450683;
Maracaju;39,50071101;
Miranda;19,24261084;
Mundo Novo;28,89839325;
Naviraí;29,70507108;
Nioaque;13,68925394;
Nova Alvorada do Sul;53,95036566;
Nova Andradina;21,60853969;
Novo Horizonte do Sul;19,94017946;
Paranaíba;7,352400559;
Paranhos;39,87876854;
Pedro Gomes;12,36399604;
Ponta Porã;58,1866019;
Porto Murtinho;19,22337562;
Ribas do Rio Pardo;18,81113619;
Rio Brilhante;44,97413987;
Rio Verde de Mato Grosso;31,28747979;
Rochedo;19,9880072;
São Gabriel do Oeste;4,43636041;
Sete Quedas;45,6871345;
Sidrolândia;28,05508148;
Tacuru;67,5024108;
Terenos;28,72407652;
Três Lagoas;34,83679927;
Acorizal;18,04402743;
Água Boa;28,634151;
Alta Floresta;20,24537393;
Alto Araguaia;38,17522428;
Alto Garças;19,23261852;
Alto Paraguai;59,32957579;
Alto Taquari;49,32182491;
Araguainha;90,82652134;
Araputanga;25,95043467;
Arenápolis;57,89270552;
Aripuanã;42,6826015;
Barão de Melgaço;13,11131506;
Barra do Bugres;43,82944086;
Barra do Garças;12,31852178;
Bom Jesus do Araguaia;18,73009927;
Brasnorte;45,36911012;
Cáceres;15,84534939;
Campinápolis;13,91594768;
Campo Novo do Parecis;43,311918;
Campo Verde;37,81075716;
Campos de Júlio;19,31247586;
Canabrava do Norte;20,79866889;
Canarana;26,5364611;
Carlinda;9,056330375;
Castanheira;12,09189843;
Chapada dos Guimarães;16,75509634;
Cláudia;36,10108303;
Cocalinho;54,38723713;
Colíder;16,17599482;
Colniza;60,36596869;
Comodoro;38,32886163;
Confresa;35,65486095;
Cotriguaçu;26,57277619;
Cuiabá;39,37285188;
Curvelândia;40,90816118;
Denise;23,35630036;
Diamantino;44,03992954;
Dom Aquino;24,36350347;
Feliz Natal;27,31245448;
General Carneiro;19,79805979;
Guarantã do Norte;33,98523187;
Guiratinga;21,43010215;
Itanhangá;94,32182607;
Itiquira;17,34304544;
Jaciara;19,40466488;
Jangada;12,93326436;
Jauru;19,04036558;
Juara;36,4243436;
Juína;17,74892873;
Juruena;17,77145904;
Juscimeira;34,83106931;
Lambari D'Oeste;36,6568915;
Lucas do Rio Verde;24,03320953;
Vila Bela da Santíssima Trindade;6,867660188;
Marcelândia;24,87149726;
Matupá;42,13483146;
Mirassol d'Oeste;15,73687938;
Nobres;26,53927813;
Nortelândia;15,46551191;
Nossa Senhora do Livramento;17,14824659;
Nova Bandeirantes;68,38775859;
Nova Lacerda;54,93499359;
Nova Canaã do Norte;8,207485227;
Nova Mutum;15,72475391;
Nova Olímpia;17,04836052;
Nova Ubiratã;43,19187993;
Nova Xavantina;10,1342792;
Novo Mundo;27,15177844;
Novo Horizonte do Norte;53,09264667;
Paranaíta;9,316191541;
Paranatinga;36,11971104;
Pedra Preta;12,63503696;
Peixoto de Azevedo;45,22548133;
Poconé;12,52818842;
Pontes e Lacerda;45,67088121;
Porto Alegre do Norte;9,260974255;
Porto dos Gaúchos;73,05936073;
Porto Esperidião;9,022827754;
Poxoréo;16,9673661;
Primavera do Leste;40,14528771;
Querência;7,637085688;
São José dos Quatro Marcos;20,95667208;
Ribeirão Cascalheira;22,41398633;
Rio Branco;39,26187672;
Santa Carmem;24,36647173;
Santo Afonso;33,27787022;
São José do Rio Claro;34,87561032;
São José do Xingu;56,98005698;
São Pedro da Cipa;47,88125449;
Rondonópolis;38,69811398;
Rosário Oeste;11,25999324;
Santa Terezinha;53,82131324;
Santo Antônio do Leste;53,02226935;
Santo Antônio do Leverger;32,34501348;
Sapezal;22,00341053;
Sinop;31,682053;
Sorriso;22,44400221;
Tabaporã;20,04208839;
Tangará da Serra;35,7901267;
Tapurah;38,31050666;
Terra Nova do Norte;17,63046544;
Várzea Grande;46,89100796;
Vera;19,44957697;
Vila Rica;46,5506005;
Nova Maringá;45,31037608;
Nova Monte verde;36,89583077;
Abadia de Goiás;28,37281884;
Abadiânia;6,190034045;
Acreúna;14,42932038;
Água Fria de Goiás;19,16443082;
Águas Lindas de Goiás;66,09587574;
Alexânia;69,62932623;
Alto Horizonte;21,64970773;
Alvorada do Norte;96,52509653;
Anápolis;26,2348603;
Aparecida de Goiânia;42,59846346;
Aragarças;26,64251079;
Aragoiânia;11,66044776;
Araguapaz;38,96609949;
Barro Alto;22,38137869;
Bela Vista de Goiás;27,80646699;
Bom Jardim de Goiás;23,15886985;
Bom Jesus de Goiás;4,705882353;
Bonfinópolis;12,94330831;
Buritinópolis;58,73715125;
Cachoeira Alta;18,48599686;
Cachoeira Dourada;11,81753723;
Caçu;7,343222206;
Caiapônia;23,28288708;
Caldas Novas;23,5290861;
Campinaçu;53,36179296;
Campinorte;26,33658151;
Campo Alegre de Goiás;48,28585225;
Campo Limpo de Goiás;15,62988434;
Campos Belos;31,7897637;
Campos Verdes;19,42879347;
Carmo do Rio Verde;10,92537966;
Castelândia;26,80965147;
Catalão;9,00566231;
Ceres;9,41397976;
Cezarina;12,92824822;
Chapadão do Céu;27,86291446;
Cidade Ocidental;54,07668423;
Cocalzinho de Goiás;39,22447607;
Corumbaíba;11,9232145;
Cristalina;48,16249607;
Cristianópolis;33,26679973;
Cromínia;27,43484225;
Damianópolis;59,25925926;
Diorama;39,33910307;
Doverlândia;12,35941169;
Edéia;43,29004329;
Estrela do Norte;58,75440658;
Fazenda Nova;30,85467448;
Flores de Goiás;8,084074374;
Formosa;46,77906637;
Divinópolis de Goiás;19,65795164;
Goianápolis;18,23985408;
Goiandira;18,52537977;
Goianésia;32,75949616;
Goiânia;30,11567566;
Goianira;40,09278616;
Goiás;11,83385271;
Goiatuba;21,01344861;
Gouvelândia;19,70831691;
Guapó;13,95770814;
Guaraíta;41,05090312;
Guarani de Goiás;45,81901489;
Hidrolândia;16,8189718;
Hidrolina;24,20721375;
Iaciara;54,94074248;
Indiara;21,37970353;
Inhumas;60,65139599;
Ipameri;7,886746323;
Ipiranga de Goiás;68,58710562;
Iporá;28,0697377;
Itaberaí;22,06105397;
Itaguari;21,61227577;
Itaguaru;17,94043775;
Itapaci;21,1371803;
Itapirapuã;24,89729864;
Itapuranga;11,20071685;
Itumbiara;12,6016004;
Jaraguá;4,659180916;
Jataí;39,89980715;
Jaupaci;32,50975293;
Jesúpolis;42,40882103;
Joviânia;13,70238421;
Jussara;5,092686902;
Leopoldo de Bulhões;24,7494122;
Luziânia;80,47660031;
Maurilândia;8,465966813;
Minaçu;25,04696306;
Mineiros;18,42604706;
Monte Alegre de Goiás;12,61829653;
Montes Claros de Goiás;24,42300647;
Montividiu;27,67783006;
Morrinhos;16,4682633;
Mozarlândia;14,55392228;
Mundo Novo;15,15151515;
Mutunópolis;25,3421186;
Nerópolis;52,37500504;
Niquelândia;36,84089339;
Nova América;43,17789292;
Nova Crixás;16,35590448;
Nova Iguaçu de Goiás;34,51846738;
Novo Brasil;27,71618625;
Novo Gama;70,83098086;
Orizona;6,820817134;
Ouro Verde de Goiás;48,35589942;
Ouvidor;17,8412132;
Padre Bernardo;59,92456555;
Palmeiras de Goiás;25,07627367;
Piracanjuba;16,23903865;
Piranhas;25,97402597;
Pirenópolis;21,19901637;
Pires do Rio;6,782419967;
Planaltina;47,78458708;
Pontalina;28,48515923;
Porangatu;9,211495947;
Portelândia;25,40650407;
Posse;21,73103191;
Professor Jamil;30,11141223;
Quirinópolis;9,027307606;
Rialma;18,53911754;
Rianápolis;64,0888699;
Rio Verde;50,31098825;
Santa Helena de Goiás;42,79333494;
Santa Rita do Araguaia;28,17298211;
Santa Rita do Novo Destino;30,7408546;
Santa Terezinha de Goiás;18,93580761;
Santo Antônio da Barra;22,05071665;
Santo Antônio do Descoberto;58,6021837;
São Domingos;25,96053998;
São Francisco de Goiás;15,93879503;
São João d'Aliança;19,01863827;
São João da Paraúna;57,73672055;
São Luís de Montes Belos;12,99038711;
São Luíz do Norte;21,12824847;
São Miguel do Araguaia;26,26395272;
São Simão;17,12426508;
Senador Canedo;15,01605563;
Serranópolis;26,0756193;
Simolândia;29,94908655;
Terezópolis de Goiás;44,59640256;
Trindade;8,40147866;
Trombas;28,25656965;
Turvelândia;44,345898;
Uirapuru;33,25573661;
Uruaçu;18,48868229;
Uruana;49,38271605;
Valparaíso de Goiás;75,54809039;
Varjão;26,65955745;
Vianópolis;15,54605519;
Vicentinópolis;13,23276432;
Vila Boa;20,60156572;
Brasília;30,2066736;
